LOCATION,Country,TIME,Business enterprise
ITA,Italy,1996,5323749.81688
ITA,Italy,2005,7235081.08039
ITA,Italy,2006,8264963.76433
ITA,Italy,2007,9452029.77981
ITA,Italy,2008,11127557.43951
ITA,Italy,2009,11010467.61581
ITA,Italy,2010,11357810.95714
ITA,Italy,2011,11773366.3553
ITA,Italy,2012,12143538.25106
ITA,Italy,2013,12873285.78371
ITA,Italy,2014,14030623.16528
HKG,"China, Hong Kong Special Administrative Region",2000,190562.35463
HKG,"China, Hong Kong Special Administrative Region",2001,311103.22655
HKG,"China, Hong Kong Special Administrative Region",2002,391559.81065
HKG,"China, Hong Kong Special Administrative Region",2003,581387.15413
HKG,"China, Hong Kong Special Administrative Region",2004,773075.28401
HKG,"China, Hong Kong Special Administrative Region",2005,1017461.76638
HKG,"China, Hong Kong Special Administrative Region",2006,1148873.71843
HKG,"China, Hong Kong Special Administrative Region",2007,1136479.25106
HKG,"China, Hong Kong Special Administrative Region",2008,1010170.23621
HKG,"China, Hong Kong Special Administrative Region",2009,1085911.84309
HKG,"China, Hong Kong Special Administrative Region",2010,1182243.75736
HKG,"China, Hong Kong Special Administrative Region",2012,1326871.49652
HKG,"China, Hong Kong Special Administrative Region",2013,1335271.71818
HKG,"China, Hong Kong Special Administrative Region",2014,1380319.72752
PHL,Philippines,2002,272712.29669
PHL,Philippines,2003,277828.46643
PHL,Philippines,2005,256169.70777
PHL,Philippines,2007,296054.54459
PHL,Philippines,2009,309318.75165
PHL,Philippines,2011,317471.15496
PHL,Philippines,2013,326790.82235
BIH,Bosnia and Herzegovina,2012,1133.8975
BIH,Bosnia and Herzegovina,2013,2295.83839
BIH,Bosnia and Herzegovina,2014,24981.65602
BIH,Bosnia and Herzegovina,2015,28423.60746
HUN,Hungary,1996,235866.23789
HUN,Hungary,1997,258086.59338
HUN,Hungary,1998,252935.10643
HUN,Hungary,1999,287621.08212
HUN,Hungary,2000,361213.87339
HUN,Hungary,2001,429196.7897
HUN,Hungary,2002,430539.5975
HUN,Hungary,2003,441459.72028
HUN,Hungary,2004,524510.37288
HUN,Hungary,2005,625936.25927
HUN,Hungary,2006,783270.36668
HUN,Hungary,2007,802749.62071
HUN,Hungary,2008,982269.77058
HUN,Hungary,2009,1089064.49009
HUN,Hungary,2010,1164690.28389
HUN,Hungary,2011,1285296.85519
HUN,Hungary,2012,1357252.85012
HUN,Hungary,2013,1574591.96986
HUN,Hungary,2014,1654869.79377
HUN,Hungary,2015,1783707.05746
FRA,France,1996,13747089.81568
FRA,France,1997,14771818.50141
FRA,France,1998,15727635.39275
FRA,France,1999,16771998.308
FRA,France,2000,17461038.97499
FRA,France,2001,19603608.6555
FRA,France,2002,19974369.30845
FRA,France,2003,18854780.98348
FRA,France,2004,19360351.23883
FRA,France,2005,20529735.13243
FRA,France,2006,22158409.87954
FRA,France,2007,23085293.95571
FRA,France,2008,23665039.45008
FRA,France,2009,25974671.31063
FRA,France,2010,27260992.60185
FRA,France,2011,29513351.58154
FRA,France,2012,30484523.88425
FRA,France,2013,32165919.76915
FRA,France,2014,33160210.13366
ETH,Ethiopia,2010,23987.94758
ETH,Ethiopia,2013,5903.3419
SVN,Slovenia,1996,176381.96128
SVN,Slovenia,1997,202825.20548
SVN,Slovenia,1998,217985.95856
SVN,Slovenia,1999,257759.00383
SVN,Slovenia,2000,259406.23749
SVN,Slovenia,2001,303601.98157
SVN,Slovenia,2002,349730.66386
SVN,Slovenia,2003,274043.25658
SVN,Slovenia,2004,364257.82214
SVN,Slovenia,2005,370691.73216
SVN,Slovenia,2006,470477.04298
SVN,Slovenia,2007,462018.96952
SVN,Slovenia,2008,611392.75058
SVN,Slovenia,2009,590808.19566
SVN,Slovenia,2010,683895.5899
SVN,Slovenia,2011,877454.04426
SVN,Slovenia,2012,951906.16899
SVN,Slovenia,2013,1012050.03102
SVN,Slovenia,2014,1043194.27572
SVN,Slovenia,2015,1010477.92482
IRN,Iran (Islamic Republic of),2001,604545.71382
IRN,Iran (Islamic Republic of),2002,658236.79512
IRN,Iran (Islamic Republic of),2003,776608.00275
IRN,Iran (Islamic Republic of),2004,867810.68511
IRN,Iran (Islamic Republic of),2005,713468.13483
IRN,Iran (Islamic Republic of),2006,813449.89045
IRN,Iran (Islamic Republic of),2008,2377550.3995
COL,Colombia,1996,249480.03186
COL,Colombia,1997,310290.54958
COL,Colombia,2006,143785.46615
COL,Colombia,2007,215833.51405
COL,Colombia,2008,302715.4508
COL,Colombia,2009,161811.77295
COL,Colombia,2010,267389.09258
COL,Colombia,2011,348544.20165
COL,Colombia,2012,450316.94962
COL,Colombia,2013,564932.56628
COL,Colombia,2014,553626.6982
COL,Colombia,2015,541853.12336
ZAF,South Africa,2001,1451440.20793
ZAF,South Africa,2003,1672553.68235
ZAF,South Africa,2004,1705974.82339
ZAF,South Africa,2005,1775139.42759
ZAF,South Africa,2006,2052534.25491
ZAF,South Africa,2007,2078755.38761
ZAF,South Africa,2008,2199382.68917
ZAF,South Africa,2009,2046235.42862
ZAF,South Africa,2010,1777156.72034
ZAF,South Africa,2011,1814666.33225
ZAF,South Africa,2012,1854363.40921
ZAF,South Africa,2013,2050618.38464
MNE,Montenegro,2011,9604.64037
MNE,Montenegro,2013,14644.93636
MNE,Montenegro,2014,9928.7398
MNE,Montenegro,2015,11334.60624
UGA,Uganda,2002,1137.32971
UGA,Uganda,2003,1116.45252
UGA,Uganda,2004,1603.51358
UGA,Uganda,2005,1126.73404
UGA,Uganda,2007,11725.61494
UGA,Uganda,2008,6284.88514
UGA,Uganda,2009,13904.06567
UGA,Uganda,2010,33232.16923
GAB,Gabon,2008,22743.7112
GAB,Gabon,2009,38589.78256
ROU,Romania,1996,363963.55905
ROU,Romania,1997,380500.26334
ROU,Romania,1998,261562.2859
ROU,Romania,1999,251506.58072
ROU,Romania,2000,235187.36159
ROU,Romania,2001,269420.79354
ROU,Romania,2002,244054.7704
ROU,Romania,2003,293596.88497
ROU,Romania,2004,330055.7986
ROU,Romania,2005,314477.10208
ROU,Romania,2006,340093.16854
ROU,Romania,2007,392664.86915
ROU,Romania,2008,442716.18703
ROU,Romania,2009,523279.7156
ROU,Romania,2010,507438.88041
ROU,Romania,2011,672517.4752
ROU,Romania,2012,632143.81465
ROU,Romania,2013,476407.47373
ROU,Romania,2014,521299.93347
ROU,Romania,2015,797424.41433
BFA,Burkina Faso,2008,5869.35867
BFA,Burkina Faso,2009,4732.60147
PRT,Portugal,1996,168578.22776
PRT,Portugal,1997,190918.79593
PRT,Portugal,1998,225276.89813
PRT,Portugal,1999,262953.30905
PRT,Portugal,2000,378848.82538
PRT,Portugal,2001,489399.12169
PRT,Portugal,2002,484309.18297
PRT,Portugal,2003,482367.50276
PRT,Portugal,2004,561211.61936
PRT,Portugal,2005,655786.37248
PRT,Portugal,2006,1064371.72497
PRT,Portugal,2007,1432380.31422
PRT,Portugal,2008,1953866.08148
PRT,Portugal,2009,1940407.94178
PRT,Portugal,2010,1948254.73897
PRT,Portugal,2011,1841814.01194
PRT,Portugal,2012,1764393.01088
PRT,Portugal,2013,1637324.20937
PRT,Portugal,2014,1616698.34482
HRV,Croatia,1999,166043.55295
HRV,Croatia,2000,199754.04534
HRV,Croatia,2001,198724.32132
HRV,Croatia,2002,236121.6913
HRV,Croatia,2003,232407.64572
HRV,Croatia,2004,277134.41435
HRV,Croatia,2005,193550.57691
HRV,Croatia,2006,192394.72616
HRV,Croatia,2007,234215.96516
HRV,Croatia,2008,324139.06212
HRV,Croatia,2009,289673.44531
HRV,Croatia,2010,245265.10615
HRV,Croatia,2011,254626.81734
HRV,Croatia,2012,258915.86138
HRV,Croatia,2013,321984.68436
HRV,Croatia,2014,316157.24491
HRV,Croatia,2015,376909.41109
NZL,New Zealand,1997,232987.43916
NZL,New Zealand,1999,259413.38017
NZL,New Zealand,2001,363314.34427
NZL,New Zealand,2003,423952.37415
NZL,New Zealand,2005,488273.61564
NZL,New Zealand,2007,584603.40638
NZL,New Zealand,2009,645307.81659
NZL,New Zealand,2011,705962.31951
NZL,New Zealand,2013,738773.13854
URY,Uruguay,1996,23425.07458
URY,Uruguay,1997,36410.53593
URY,Uruguay,1998,24601.7376
URY,Uruguay,1999,26989.48315
URY,Uruguay,2000,27851.03995
URY,Uruguay,2002,34734.73279
URY,Uruguay,2006,49038.21628
URY,Uruguay,2007,75742.73247
URY,Uruguay,2008,80051.79466
URY,Uruguay,2009,82969.03761
URY,Uruguay,2010,90831.89687
URY,Uruguay,2011,17956.87723
URY,Uruguay,2012,31476.1813
URY,Uruguay,2013,22339.4364
URY,Uruguay,2014,10954.3912
KAZ,Kazakhstan,1997,160585.52063
KAZ,Kazakhstan,1998,76836.91595
KAZ,Kazakhstan,1999,108037.52161
KAZ,Kazakhstan,2000,118165.58582
KAZ,Kazakhstan,2001,174351.18626
KAZ,Kazakhstan,2003,109011.30333
KAZ,Kazakhstan,2004,197942.88278
KAZ,Kazakhstan,2005,239783.61792
KAZ,Kazakhstan,2006,210386.89374
KAZ,Kazakhstan,2007,256108.53571
KAZ,Kazakhstan,2008,318820.75429
KAZ,Kazakhstan,2010,180459.57088
KAZ,Kazakhstan,2011,278964.76354
KAZ,Kazakhstan,2013,200658.36335
ISR,Israel,1996,1164461.64234
ISR,Israel,1997,1421251.64081
ISR,Israel,1998,1669116.25388
ISR,Israel,1999,2162846.35145
ISR,Israel,2000,3253942.7708
ISR,Israel,2001,3606011.61635
ISR,Israel,2002,3638313.2583
ISR,Israel,2003,3177642.28718
ISR,Israel,2004,3628449.44771
ISR,Israel,2005,3917688.13945
ISR,Israel,2006,4128378.07861
ISR,Israel,2007,4945974.44696
ISR,Israel,2008,4610564.99461
ISR,Israel,2009,3192739.39301
ISR,Israel,2010,3133755.98667
ISR,Israel,2011,3556233.92331
ISR,Israel,2012,4113635.22594
ISR,Israel,2013,4240031.67778
LUX,Luxembourg,2000,345023.71254
LUX,Luxembourg,2003,354405.79308
LUX,Luxembourg,2005,397627.54884
LUX,Luxembourg,2007,487389.32946
LUX,Luxembourg,2009,483247.55128
LUX,Luxembourg,2010,283961.05316
LUX,Luxembourg,2011,316043.88028
LUX,Luxembourg,2012,112341.33592
LUX,Luxembourg,2013,111811.2349
LVA,Latvia,1996,9965.59801
LVA,Latvia,1997,8110.25566
LVA,Latvia,1998,14330.18089
LVA,Latvia,1999,13854.95791
LVA,Latvia,2000,24351.67245
LVA,Latvia,2001,15581.35631
LVA,Latvia,2002,20656.39685
LVA,Latvia,2003,30174.02044
LVA,Latvia,2004,51227.4555
LVA,Latvia,2005,56318.70955
LVA,Latvia,2006,119852.86071
LVA,Latvia,2007,80273.26693
LVA,Latvia,2008,66502.56111
LVA,Latvia,2009,60416.15282
LVA,Latvia,2010,87520.52013
LVA,Latvia,2011,70500.82383
LVA,Latvia,2012,68154.81608
LVA,Latvia,2013,60943.89072
LVA,Latvia,2014,91375.18651
LVA,Latvia,2015,61881.03683
CHL,Chile,2007,334789.09178
CHL,Chile,2008,448671.39033
CHL,Chile,2009,259848.18308
CHL,Chile,2010,261489.42006
CHL,Chile,2011,417575.38249
CHL,Chile,2012,473695.34668
CHL,Chile,2013,528690.71276
CHL,Chile,2014,489532.29697
CHL,Chile,2015,530077.1647
GBR,United Kingdom of Great Britain and Northern Ireland,1996,9551991.21244
GBR,United Kingdom of Great Britain and Northern Ireland,1997,10321879.30478
GBR,United Kingdom of Great Britain and Northern Ireland,1998,10196497.92504
GBR,United Kingdom of Great Britain and Northern Ireland,1999,11315604.85465
GBR,United Kingdom of Great Britain and Northern Ireland,2000,12139444.04495
GBR,United Kingdom of Great Britain and Northern Ireland,2001,12022193.93131
GBR,United Kingdom of Great Britain and Northern Ireland,2002,12126944.36834
GBR,United Kingdom of Great Britain and Northern Ireland,2003,12048813.60603
GBR,United Kingdom of Great Britain and Northern Ireland,2004,12967964.18501
GBR,United Kingdom of Great Britain and Northern Ireland,2005,12887019.70976
GBR,United Kingdom of Great Britain and Northern Ireland,2006,15050157.1447
GBR,United Kingdom of Great Britain and Northern Ireland,2007,16174272.70794
GBR,United Kingdom of Great Britain and Northern Ireland,2008,16598418.67717
GBR,United Kingdom of Great Britain and Northern Ireland,2009,16242176.07653
GBR,United Kingdom of Great Britain and Northern Ireland,2010,16566516.01269
GBR,United Kingdom of Great Britain and Northern Ireland,2011,17782684.56148
GBR,United Kingdom of Great Britain and Northern Ireland,2012,17555021.56395
GBR,United Kingdom of Great Britain and Northern Ireland,2013,19208632.05782
GBR,United Kingdom of Great Britain and Northern Ireland,2014,21237002.60309
GBR,United Kingdom of Great Britain and Northern Ireland,2015,22404296.11689
SWE,Sweden,1997,4859667.67139
SWE,Sweden,1999,5522109.62937
SWE,Sweden,2001,7418099.01603
SWE,Sweden,2003,6636365.37853
SWE,Sweden,2005,6638863.98637
SWE,Sweden,2007,7584374.43514
SWE,Sweden,2009,7581314.95656
SWE,Sweden,2011,7743292.03774
SWE,Sweden,2013,8844440.38801
KWT,Kuwait,1997,42579.82122
KWT,Kuwait,1998,55517.8526
KWT,Kuwait,1999,37981.01887
KWT,Kuwait,2000,29734.59735
KWT,Kuwait,2001,42036.13418
KWT,Kuwait,2002,44087.0401
KWT,Kuwait,2003,9253.88246
KWT,Kuwait,2004,12960.10862
KWT,Kuwait,2005,13933.68622
KWT,Kuwait,2006,11708.66951
KWT,Kuwait,2007,4630.29422
KWT,Kuwait,2008,5376.59059
KWT,Kuwait,2009,5848.33181
KWT,Kuwait,2010,11614.42666
KWT,Kuwait,2011,12683.453
KWT,Kuwait,2013,11744.08016
DEU,Germany,1996,25149629.46103
DEU,Germany,1997,26996609.70993
DEU,Germany,1998,28733034.34329
DEU,Germany,1999,33045528.91201
DEU,Germany,2000,35421754.65959
DEU,Germany,2001,36814599.16977
DEU,Germany,2002,38284194.91994
DEU,Germany,2003,40289280.84479
DEU,Germany,2004,41801124.71751
DEU,Germany,2005,43158731.14088
DEU,Germany,2006,47340285.64791
DEU,Germany,2007,49951576.85326
DEU,Germany,2008,54556030.52654
DEU,Germany,2009,54714233.34058
DEU,Germany,2010,57088210.95363
DEU,Germany,2011,62837019.5971
DEU,Germany,2012,66398242.7348
DEU,Germany,2013,67403474.29995
DEU,Germany,2014,72539265.30825
DNK,Denmark,1996,1138607.37671
DNK,Denmark,1997,1327733.06913
DNK,Denmark,1999,1779704.21972
DNK,Denmark,2001,2258137.99913
DNK,Denmark,2003,2495199.21552
DNK,Denmark,2005,2636705.93101
DNK,Denmark,2007,3266683.38727
DNK,Denmark,2009,4233925.59002
DNK,Denmark,2010,4259069.40084
DNK,Denmark,2011,4455007.25106
DNK,Denmark,2012,4473637.17416
DNK,Denmark,2013,4605016.40945
DNK,Denmark,2014,4655105.80199
DNK,Denmark,2015,4893963.88673
BEL,Belgium,1996,2719046.33212
BEL,Belgium,1997,2951852.13914
BEL,Belgium,1998,2998476.3487
BEL,Belgium,1999,3281963.34775
BEL,Belgium,2000,3439783.40857
BEL,Belgium,2001,3824938.52595
BEL,Belgium,2002,3536142.21917
BEL,Belgium,2003,3559736.46048
BEL,Belgium,2004,3658276.57151
BEL,Belgium,2005,3715283.22875
BEL,Belgium,2006,4135598.10352
BEL,Belgium,2007,4433246.34246
BEL,Belgium,2008,4792934.92053
BEL,Belgium,2009,4784545.86034
BEL,Belgium,2010,5163318.46352
BEL,Belgium,2011,5907963.71246
BEL,Belgium,2012,6829685.32009
BEL,Belgium,2013,7267497.9328
PRY,Paraguay,2001,5.46045
PRY,Paraguay,2002,2.62183
PRY,Paraguay,2003,2.99212
PRY,Paraguay,2004,2.54225
PRY,Paraguay,2005,73.26885
PRY,Paraguay,2008,54.77615
PRY,Paraguay,2011,1146.83415
PRY,Paraguay,2012,355.74528
PRY,Paraguay,2014,167.27481
PRY,Paraguay,2015,220.7494
JPN,Japan,1996,60949557.95634
JPN,Japan,1997,64942609.95468
JPN,Japan,1998,66058146.73389
JPN,Japan,1999,66961572.79869
JPN,Japan,2000,71520613.38024
JPN,Japan,2001,75845361.5092
JPN,Japan,2002,80125624.76002
JPN,Japan,2003,83747493.85516
JPN,Japan,2004,87976646.28575
JPN,Japan,2005,97964303.20175
JPN,Japan,2006,106791172.48083
JPN,Japan,2007,114694920.39768
JPN,Japan,2008,116257523.78258
JPN,Japan,2009,103082622.55064
JPN,Japan,2010,106761517.57354
JPN,Japan,2011,113552432.59224
JPN,Japan,2012,115943180.91192
JPN,Japan,2013,124333244.9503
JPN,Japan,2014,131805033.24663
JPN,Japan,2015,132616845.15905
ISL,Iceland,1997,54911.72551
ISL,Iceland,1998,57873.67256
ISL,Iceland,1999,79556.0102
ISL,Iceland,2001,119392.69089
ISL,Iceland,2003,112256.30228
ISL,Iceland,2005,142439.09931
ISL,Iceland,2006,169520.76044
ISL,Iceland,2007,164531.23333
ISL,Iceland,2008,172207.35271
ISL,Iceland,2009,165752.4253
ISL,Iceland,2011,156467.52822
ISL,Iceland,2013,89917.46317
ISL,Iceland,2014,104426.43544
ISL,Iceland,2015,115031.01911
UKR,Ukraine,2001,684136.84311
UKR,Ukraine,2002,743933.53551
UKR,Ukraine,2003,986442.69507
UKR,Ukraine,2004,1019744.62223
UKR,Ukraine,2005,1010675.6248
UKR,Ukraine,2006,1038113.1644
UKR,Ukraine,2007,960011.38617
UKR,Ukraine,2008,889574.66413
UKR,Ukraine,2009,739674.58455
UKR,Ukraine,2010,768182.59776
UKR,Ukraine,2011,758377.73292
UKR,Ukraine,2013,870696.85468
UKR,Ukraine,2014,854030.81966
UKR,Ukraine,2015,846143.09695
CUB,Cuba,1996,131939.67786
CUB,Cuba,1997,154887.14702
CUB,Cuba,1998,195490.95606
CUB,Cuba,1999,163469.59535
CUB,Cuba,2000,190796.73447
CUB,Cuba,2001,214713.43144
CUB,Cuba,2002,213724.87662
CUB,Cuba,2003,233365.54979
CUB,Cuba,2004,262111.27815
CUB,Cuba,2005,274539.15874
CUB,Cuba,2006,254838.80178
CUB,Cuba,2007,277343.63428
CUB,Cuba,2008,173743.40408
CUB,Cuba,2009,181895.95699
CUB,Cuba,2010,186049.77514
CUB,Cuba,2011,87283.69419
CUB,Cuba,2012,137403.27025
CUB,Cuba,2013,166934.53426
NAM,Namibia,2010,5059.93003
NAM,Namibia,2014,9026.85033
CRI,Costa Rica,2008,71574.84251
CRI,Costa Rica,2009,81471.97957
CRI,Costa Rica,2012,14143.09624
CRI,Costa Rica,2013,18872.73411
CRI,Costa Rica,2014,6129.22606
MAR,Morocco,2002,135450.72361
MAR,Morocco,2003,99948.15366
MAR,Morocco,2006,226159.61448
MAR,Morocco,2010,444162.71958
IRQ,Iraq,2014,3650.07478
IRQ,Iraq,2015,2299.07141
MEX,Mexico,1996,404676.82085
MEX,Mexico,1997,425289.87273
MEX,Mexico,1998,689367.07424
MEX,Mexico,1999,826438.18328
MEX,Mexico,2000,992597.97772
MEX,Mexico,2001,1084621.7155
MEX,Mexico,2002,1447070.1041
MEX,Mexico,2003,1527306.57138
MEX,Mexico,2004,1845462.32333
MEX,Mexico,2005,2219191.41973
MEX,Mexico,2006,2469986.17063
MEX,Mexico,2007,2590618.48634
MEX,Mexico,2008,2579242.84949
MEX,Mexico,2009,2860734.39503
MEX,Mexico,2010,3052228.95762
MEX,Mexico,2011,3159827.30643
MEX,Mexico,2012,2399446.3212
MEX,Mexico,2013,2158338.07882
MEX,Mexico,2014,2339271.80363
MEX,Mexico,2015,2450078.03515
BWA,Botswana,2012,4477.49914
BWA,Botswana,2013,32363.01981
LTU,Lithuania,2000,54585.17578
LTU,Lithuania,2001,81309.94863
LTU,Lithuania,2002,66085.06894
LTU,Lithuania,2003,45756.68382
LTU,Lithuania,2004,65949.16442
LTU,Lithuania,2005,75206.33087
LTU,Lithuania,2006,111707.9738
LTU,Lithuania,2007,162084.0078
LTU,Lithuania,2008,153264.27843
LTU,Lithuania,2009,146844.17015
LTU,Lithuania,2010,158230.11201
LTU,Lithuania,2011,176621.75393
LTU,Lithuania,2012,174479.24383
LTU,Lithuania,2013,206158.51707
LTU,Lithuania,2014,278349.08539
LTU,Lithuania,2015,244120.24426
QAT,Qatar,2012,311600.07469
LKA,Sri Lanka,1996,1903.13708
LKA,Sri Lanka,2000,9184.22551
LKA,Sri Lanka,2004,1075.37402
LKA,Sri Lanka,2006,41454.10338
LKA,Sri Lanka,2008,33685.76774
LKA,Sri Lanka,2010,94551.37019
LKA,Sri Lanka,2013,89454.39523
SVK,Slovakia,1996,257701.64986
SVK,Slovakia,1997,362366.03746
SVK,Slovakia,1998,226821.53628
SVK,Slovakia,1999,185841.19125
SVK,Slovakia,2000,212737.79599
SVK,Slovakia,2001,234034.69485
SVK,Slovakia,2002,215896.67087
SVK,Slovakia,2003,192714.26815
SVK,Slovakia,2004,156796.62206
SVK,Slovakia,2005,161410.62306
SVK,Slovakia,2006,168621.54232
SVK,Slovakia,2007,181432.42293
SVK,Slovakia,2008,204229.38801
SVK,Slovakia,2009,206581.07591
SVK,Slovakia,2010,291283.9689
SVK,Slovakia,2011,313147.33011
SVK,Slovakia,2012,437355.06658
SVK,Slovakia,2013,500409.63561
SVK,Slovakia,2014,447042.73221
SVK,Slovakia,2015,479373.5416
KGZ,Kyrgyzstan,1997,3293.83478
KGZ,Kyrgyzstan,1998,2678.71681
KGZ,Kyrgyzstan,1999,4015.09851
KGZ,Kyrgyzstan,2000,2982.32926
KGZ,Kyrgyzstan,2001,6047.87555
KGZ,Kyrgyzstan,2002,9197.67717
KGZ,Kyrgyzstan,2003,11498.74406
KGZ,Kyrgyzstan,2004,9671.71275
KGZ,Kyrgyzstan,2005,7871.69974
KGZ,Kyrgyzstan,2011,9714.6284
KGZ,Kyrgyzstan,2013,1393.24223
KGZ,Kyrgyzstan,2014,1816.59328
KGZ,Kyrgyzstan,2015,2144.99356
RUS,Russian Federation,1996,2487906.12102
RUS,Russian Federation,1997,2693541.67364
RUS,Russian Federation,1998,2684662.4134
RUS,Russian Federation,1999,2738627.82805
RUS,Russian Federation,2000,3452566.0453
RUS,Russian Federation,2001,4256270.68276
RUS,Russian Federation,2002,4820130.55691
RUS,Russian Federation,2003,5295680.35947
RUS,Russian Federation,2004,5326361.71613
RUS,Russian Federation,2005,5436870.89902
RUS,Russian Federation,2006,6595180.08586
RUS,Russian Federation,2007,7813483.92222
RUS,Russian Federation,2008,8625201.13385
RUS,Russian Federation,2009,9213775.77565
RUS,Russian Federation,2010,8441234.40478
RUS,Russian Federation,2011,9740676.17949
RUS,Russian Federation,2012,10321747.52056
RUS,Russian Federation,2013,10310200.62153
RUS,Russian Federation,2014,10791806.7294
RUS,Russian Federation,2015,10728069.93722
MAC,"China, Macao Special Administrative Region",2005,56.60805
MAC,"China, Macao Special Administrative Region",2006,130.95111
MAC,"China, Macao Special Administrative Region",2007,15.41019
MAC,"China, Macao Special Administrative Region",2008,73.74045
MAC,"China, Macao Special Administrative Region",2013,
MAC,"China, Macao Special Administrative Region",2014,
MAC,"China, Macao Special Administrative Region",2015,
CAN,Canada,1996,5293553.88153
CAN,Canada,1997,5852742.59918
CAN,Canada,1998,6199191.70294
CAN,Canada,1999,6648415.78421
CAN,Canada,2000,7513272.25287
CAN,Canada,2001,9537649.00271
CAN,Canada,2002,9856564.49473
CAN,Canada,2003,10133292.01512
CAN,Canada,2004,10861707.93623
CAN,Canada,2005,11392962.02181
CAN,Canada,2006,12340127.56609
CAN,Canada,2007,12179167.47386
CAN,Canada,2008,12321065.46553
CAN,Canada,2009,12166286.45288
CAN,Canada,2010,11748915.35245
CAN,Canada,2011,12570328.0254
CAN,Canada,2012,12375794.12618
CAN,Canada,2013,11942388.6086
CAN,Canada,2014,11682709.76749
NOR,Norway,1997,991164.62726
NOR,Norway,1999,1084089.0723
NOR,Norway,2001,1412218.75323
NOR,Norway,2003,1493337.86261
NOR,Norway,2005,1532669.33209
NOR,Norway,2007,1852417.66162
NOR,Norway,2009,2013442.19974
NOR,Norway,2011,2211150.91312
NOR,Norway,2013,2426973.36661
BRN,Brunei Darussalam,2002,338.12455
BRN,Brunei Darussalam,2003,309.42401
BRN,Brunei Darussalam,2004,152.61166
VNM,Viet Nam,2002,61483.24803
VNM,Viet Nam,2011,224125.36332
VNM,Viet Nam,2013,710487.05238
AUS,Australia,1996,3318123.81027
AUS,Australia,1998,3267470.7698
AUS,Australia,2000,3817821.64895
AUS,Australia,2002,5128508.2567
AUS,Australia,2004,6380693.28447
AUS,Australia,2006,9006479.697
AUS,Australia,2008,11844783.86124
USA,United States of America,1996,123416171
USA,United States of America,1997,136227140
USA,United States of America,1998,147845000
USA,United States of America,1999,164660000
USA,United States of America,2000,186037000
USA,United States of America,2001,188336000
USA,United States of America,2002,180643000
USA,United States of America,2003,186113000
USA,United States of America,2004,191307000
USA,United States of America,2005,207725000
USA,United States of America,2006,227110000
USA,United States of America,2007,246741000
USA,United States of America,2008,258691000
USA,United States of America,2009,235306000
USA,United States of America,2010,233456000
USA,United States of America,2011,250873000
USA,United States of America,2012,258750000
USA,United States of America,2013,278172000
USA,United States of America,2014,295636000
USA,United States of America,2015,322617000
CHN,China,2000,19050876.80082
CHN,China,2003,34366877.56113
CHN,China,2004,46072163.05127
CHN,China,2005,58215888.23188
CHN,China,2006,72893324.99903
CHN,China,2007,87401915.5448
CHN,China,2008,104823726.10442
CHN,China,2009,132943953.70225
CHN,China,2010,153047342.82183
CHN,China,2011,183157277.15188
CHN,China,2012,216344498.03145
CHN,China,2013,249255433.45146
CHN,China,2014,279502330.97766
CHN,China,2015,306060301.15236
IRL,Ireland,1996,632118.91036
IRL,Ireland,1997,694729.73313
IRL,Ireland,1998,735562.55973
IRL,Ireland,1999,752504.15261
IRL,Ireland,2000,819019.54806
IRL,Ireland,2001,886240.62312
IRL,Ireland,2002,927294.07524
IRL,Ireland,2003,981387.07482
IRL,Ireland,2004,1087097.96188
IRL,Ireland,2005,1152705.2793
IRL,Ireland,2006,1210093.13518
IRL,Ireland,2007,1256392.74524
IRL,Ireland,2008,1345231.65408
IRL,Ireland,2009,1582820.7501
IRL,Ireland,2010,1644252.89322
IRL,Ireland,2011,1567023.00505
IRL,Ireland,2012,1666826.23148
IRL,Ireland,2013,1825960.89308
IRL,Ireland,2014,1891173.2167
GRC,Greece,1997,169208.31767
GRC,Greece,1999,272789.92395
GRC,Greece,2001,421990.28253
GRC,Greece,2003,402386.99951
GRC,Greece,2005,505402.15748
GRC,Greece,2008,661469.50848
GRC,Greece,2009,707172.58318
GRC,Greece,2010,685546.61753
GRC,Greece,2011,638636.60902
GRC,Greece,2012,605845.50355
GRC,Greece,2013,703755.73158
GRC,Greece,2014,719425.97493
GRC,Greece,2015,868830.59282
CHE,Switzerland,1996,3568293.64621
CHE,Switzerland,2000,4120074.90436
CHE,Switzerland,2004,5398448.01268
CHE,Switzerland,2008,7444497.80282
CHE,Switzerland,2012,8308273.11989
TUN,Tunisia,2002,50061.28535
TUN,Tunisia,2003,48572.796
TUN,Tunisia,2004,83982.49816
TUN,Tunisia,2005,81319.10097
TUN,Tunisia,2006,88792.11037
TUN,Tunisia,2007,105316.81364
TUN,Tunisia,2008,111071.96489
TUN,Tunisia,2009,119486.51893
TUN,Tunisia,2010,128418.40434
TUN,Tunisia,2011,138149.20755
TUN,Tunisia,2012,147126.90172
TUN,Tunisia,2014,153095.18417
TUN,Tunisia,2015,154465.71879
BLR,Belarus,1997,99353.94925
BLR,Belarus,1998,85699.00763
BLR,Belarus,1999,80908.22987
BLR,Belarus,2000,99321.2968
BLR,Belarus,2001,106683.2474
BLR,Belarus,2002,100325.90633
BLR,Belarus,2003,93144.42048
BLR,Belarus,2004,105211.55972
BLR,Belarus,2005,134456.7981
BLR,Belarus,2006,144462.27816
BLR,Belarus,2007,512613.4234
BLR,Belarus,2008,358880.28081
BLR,Belarus,2009,247970.27094
BLR,Belarus,2010,274426.64157
BLR,Belarus,2011,504569.47855
BLR,Belarus,2012,506786.53441
BLR,Belarus,2013,493681.32359
BLR,Belarus,2014,348934.81785
BLR,Belarus,2015,359453.80478
PAN,Panama,1996,1342.28317
PAN,Panama,1997,423.12017
PAN,Panama,1999,920.59061
PAN,Panama,2000,552.49961
PAN,Panama,2001,9611.05904
PAN,Panama,2002,556.66206
PAN,Panama,2003,555.14831
PAN,Panama,2004,79.30534
PAN,Panama,2005,343.29501
PAN,Panama,2006,985.575
PAN,Panama,2007,316.55313
PAN,Panama,2008,2202.24081
PAN,Panama,2009,2500.71316
PAN,Panama,2010,2761.10875
PAN,Panama,2011,20683.60834
PAN,Panama,2012,5246.21639
PAN,Panama,2013,5181.20956
FIN,Finland,1997,1845564.08112
FIN,Finland,1998,2158814.16553
FIN,Finland,1999,2617632.20525
FIN,Finland,2000,3154979.3652
FIN,Finland,2001,3268665.08769
FIN,Finland,2002,3364457.44204
FIN,Finland,2003,3492544.64838
FIN,Finland,2004,3737593.6142
FIN,Finland,2005,3736471.64047
FIN,Finland,2006,4022321.29277
FIN,Finland,2007,4548352.29166
FIN,Finland,2008,5294808.27737
FIN,Finland,2009,5161636.89605
FIN,Finland,2010,5126664.14481
FIN,Finland,2011,5345371.39727
FIN,Finland,2012,4741824.66607
FIN,Finland,2013,4495655.25018
FIN,Finland,2014,3849581.61283
FIN,Finland,2015,3678966.03427
MNG,Mongolia,2003,1296.71731
MNG,Mongolia,2004,2419.41161
MNG,Mongolia,2005,3358.52723
MNG,Mongolia,2006,2377.09481
MNG,Mongolia,2007,1112.18593
MNG,Mongolia,2008,1247.98769
MNG,Mongolia,2009,1680.99836
MNG,Mongolia,2010,3625.03582
MNG,Mongolia,2011,6421.76261
MNG,Mongolia,2013,6145.52461
MNG,Mongolia,2014,5835.72698
MNG,Mongolia,2015,4111.96969
EST,Estonia,1998,15353.20164
EST,Estonia,1999,19159.39195
EST,Estonia,2000,19095.68301
EST,Estonia,2001,33027.04791
EST,Estonia,2002,33372.06552
EST,Estonia,2003,45297.52848
EST,Estonia,2004,61109.87342
EST,Estonia,2005,79552.49857
EST,Estonia,2006,110507.60798
EST,Estonia,2007,130978.0915
EST,Estonia,2008,151859.90405
EST,Estonia,2009,147086.55624
EST,Estonia,2010,198554.62889
EST,Estonia,2011,413350.27365
EST,Estonia,2012,374741.63393
EST,Estonia,2013,262685.07449
EST,Estonia,2014,201991.55708
EST,Estonia,2015,233601.47525
OMN,Oman,2011,8483.71275
OMN,Oman,2012,94623.53836
OMN,Oman,2013,66895.69082
OMN,Oman,2014,116794.86444
OMN,Oman,2015,94517.65535
SLV,El Salvador,1998,251.27932
SLV,El Salvador,2007,684.99883
SLV,El Salvador,2008,337.51537
SLV,El Salvador,2009,7695.49587
SLV,El Salvador,2010,164.68363
SLV,El Salvador,2011,198.79184
SLV,El Salvador,2012,400.83738
SLV,El Salvador,2013,202.84092
SLV,El Salvador,2014,282.87536
THA,Thailand,1996,96246.49998
THA,Thailand,1997,46104.30749
THA,Thailand,2002,443922.61171
THA,Thailand,2003,586411.28885
THA,Thailand,2004,528801.63773
THA,Thailand,2005,715041.31845
THA,Thailand,2007,692402.41533
THA,Thailand,2009,792942.99309
THA,Thailand,2011,1709548.87021
THA,Thailand,2014,2006463.46301
THA,Thailand,2015,4601965.36069
SRB,Serbia,2007,48713.90139
SRB,Serbia,2008,48306.68399
SRB,Serbia,2009,62549.98211
SRB,Serbia,2010,56599.55298
SRB,Serbia,2011,62165.56618
SRB,Serbia,2012,49427.40607
SRB,Serbia,2013,54022.93132
SRB,Serbia,2014,62054.84056
SRB,Serbia,2015,110741.18835
BOL,Bolivia (Plurinational State of),1996,18802.69847
BOL,Bolivia (Plurinational State of),1997,16229.67704
BOL,Bolivia (Plurinational State of),1998,16094.87373
BOL,Bolivia (Plurinational State of),1999,16600.22901
BOL,Bolivia (Plurinational State of),2000,18443.43538
BOL,Bolivia (Plurinational State of),2001,16029.54423
BOL,Bolivia (Plurinational State of),2002,13970.64577
BOL,Bolivia (Plurinational State of),2009,4073.16466
CYP,Cyprus,1998,3552.07941
CYP,Cyprus,1999,5121.07178
CYP,Cyprus,2000,5857.39713
CYP,Cyprus,2001,5821.8501
CYP,Cyprus,2002,8142.06662
CYP,Cyprus,2003,11036.21665
CYP,Cyprus,2004,11987.14754
CYP,Cyprus,2005,12618.77365
CYP,Cyprus,2006,13778.50123
CYP,Cyprus,2007,16555.48101
CYP,Cyprus,2008,18844.99592
CYP,Cyprus,2009,19159.06234
CYP,Cyprus,2010,15725.97963
CYP,Cyprus,2011,14000.41959
CYP,Cyprus,2012,12801.88323
CYP,Cyprus,2013,14788.26611
CYP,Cyprus,2014,17067.58348
MLT,Malta,2002,3602.38284
MLT,Malta,2005,22267.02551
MLT,Malta,2006,24971.97245
MLT,Malta,2007,28793.3079
MLT,Malta,2008,32315.37454
MLT,Malta,2009,28796.18961
MLT,Malta,2010,36789.19637
MLT,Malta,2011,40142.8968
MLT,Malta,2012,44909.04084
MLT,Malta,2013,40642.74248
MLT,Malta,2014,48253.98416
MLT,Malta,2015,49833.09771
SGP,Singapore,1996,957172.89966
SGP,Singapore,1997,1045058.18474
SGP,Singapore,1998,1267029.14684
SGP,Singapore,1999,1441958.80792
SGP,Singapore,2000,1651373.94375
SGP,Singapore,2001,1828879.36624
SGP,Singapore,2002,1822467.56508
SGP,Singapore,2003,1966944.45217
SGP,Singapore,2004,2465609.97166
SGP,Singapore,2005,2984034.50041
SGP,Singapore,2006,3282541.36905
SGP,Singapore,2007,4132065.62797
SGP,Singapore,2008,5101353.46511
SGP,Singapore,2009,3457419.47492
SGP,Singapore,2010,3830657.55943
SGP,Singapore,2011,4622405.64076
SGP,Singapore,2012,4385302.03763
SGP,Singapore,2013,4624651.03375
SGP,Singapore,2014,5447268.13165
BGR,Bulgaria,1996,144429.40342
BGR,Bulgaria,1997,51761.23726
BGR,Bulgaria,1998,58026.49342
BGR,Bulgaria,1999,58438.85862
BGR,Bulgaria,2000,63258.3992
BGR,Bulgaria,2001,67691.5422
BGR,Bulgaria,2002,70402.51923
BGR,Bulgaria,2003,82625.21375
BGR,Bulgaria,2004,94352.98561
BGR,Bulgaria,2005,97158.30345
BGR,Bulgaria,2006,117287.58541
BGR,Bulgaria,2007,141885.70515
BGR,Bulgaria,2008,147250.69543
BGR,Bulgaria,2009,157639.13749
BGR,Bulgaria,2010,103974.41221
BGR,Bulgaria,2011,103706.65746
BGR,Bulgaria,2012,148732.54866
BGR,Bulgaria,2013,149820.95956
BGR,Bulgaria,2014,222418.36217
MYS,Malaysia,1998,610625.32161
MYS,Malaysia,2002,1107119.47852
MYS,Malaysia,2004,1668168.08657
MYS,Malaysia,2006,2384709.65192
MYS,Malaysia,2008,2863936.10185
MYS,Malaysia,2009,3715513.75647
MYS,Malaysia,2010,3589078.68079
MYS,Malaysia,2011,3551566.02709
MYS,Malaysia,2012,4414396.76978
MYS,Malaysia,2014,672395.4986
MYS,Malaysia,2015,1210229.7052
BRA,Brazil,2000,7059881.08431
BRA,Brazil,2001,7412039.51764
BRA,Brazil,2002,7541377.31638
BRA,Brazil,2003,8257207.33538
BRA,Brazil,2004,8997519.59408
BRA,Brazil,2005,10349453.29613
BRA,Brazil,2006,10403588.65228
BRA,Brazil,2007,11907097.49735
BRA,Brazil,2008,13730812.35328
BRA,Brazil,2009,13121833.83511
BRA,Brazil,2010,15295054.03841
BRA,Brazil,2011,15335929.32994
BRA,Brazil,2012,15004807.01342
BRA,Brazil,2013,15628795.4356
BRA,Brazil,2014,13978368.11081
NLD,Netherlands,1996,3392357.16863
NLD,Netherlands,1997,3411625.82789
NLD,Netherlands,1998,3679751.05912
NLD,Netherlands,1999,4139649.16694
NLD,Netherlands,2001,4622023.29845
NLD,Netherlands,2003,4639622.52748
NLD,Netherlands,2005,5044926.14857
NLD,Netherlands,2007,5856948.8141
NLD,Netherlands,2009,5545831.89249
NLD,Netherlands,2011,7480627.70239
NLD,Netherlands,2012,7825531.77553
NLD,Netherlands,2013,8171298.33405
NLD,Netherlands,2014,8458318.20343
NLD,Netherlands,2015,8241928.7951
KOR,Republic of Korea,1996,11118591.05412
KOR,Republic of Korea,1997,11780920.3412
KOR,Republic of Korea,1998,10104115.10568
KOR,Republic of Korea,1999,11047976.77477
KOR,Republic of Korea,2000,13414071.60248
KOR,Republic of Korea,2001,15415325.38213
KOR,Republic of Korea,2002,16250073.28471
KOR,Republic of Korea,2003,17816571.89081
KOR,Republic of Korea,2004,20946477.13915
KOR,Republic of Korea,2005,22951390.51052
KOR,Republic of Korea,2006,26717865.45755
KOR,Republic of Korea,2007,29932504.62411
KOR,Republic of Korea,2008,31999626.60898
KOR,Republic of Korea,2009,32689752.09622
KOR,Republic of Korea,2010,37462255.92971
KOR,Republic of Korea,2011,43032913.61211
KOR,Republic of Korea,2012,48471647.74011
KOR,Republic of Korea,2013,51741505.06255
KOR,Republic of Korea,2014,55151095.42304
KOR,Republic of Korea,2015,55326248.62179
MKD,The former Yugoslav Republic of Macedonia,1997,5516.78066
MKD,The former Yugoslav Republic of Macedonia,1998,8463.05118
MKD,The former Yugoslav Republic of Macedonia,1999,4645.26784
MKD,The former Yugoslav Republic of Macedonia,2000,4026.35762
MKD,The former Yugoslav Republic of Macedonia,2001,3620.18533
MKD,The former Yugoslav Republic of Macedonia,2002,2460.93724
MKD,The former Yugoslav Republic of Macedonia,2015,21754.35947
ECU,Ecuador,2006,25414.95776
ECU,Ecuador,2007,33784.08054
ECU,Ecuador,2008,25040.28309
ECU,Ecuador,2009,981.75675
ECU,Ecuador,2010,5528.62477
ECU,Ecuador,2011,2128.54358
ECU,Ecuador,2012,299.14024
ECU,Ecuador,2013,179.63131
ECU,Ecuador,2014,939.37613
TUR,Turkey,1996,791729.8326
TUR,Turkey,1997,1069716.65764
TUR,Turkey,1998,843137.86287
TUR,Turkey,1999,1078538.16201
TUR,Turkey,2000,1215912.96202
TUR,Turkey,2001,1400439.1856
TUR,Turkey,2002,1286939.04957
TUR,Turkey,2003,1078952.3289
TUR,Turkey,2004,1386559.97779
TUR,Turkey,2005,1990159.22808
TUR,Turkey,2006,2405562.84471
TUR,Turkey,2007,3461591.52015
TUR,Turkey,2008,3701540.97914
TUR,Turkey,2009,3667013.08993
TUR,Turkey,2010,4552473.47342
TUR,Turkey,2011,5290325.98616
TUR,Turkey,2012,5990810.46736
TUR,Turkey,2013,6767859.59767
TUR,Turkey,2014,7801833.92367
LAO,Lao People's Democratic Republic,2002,1540.1365
ESP,Spain,1996,2422585.1104
ESP,Spain,1997,2493110.90891
ESP,Spain,1998,3240909.116
ESP,Spain,1999,3301489.4279
ESP,Spain,2000,3841335.98437
ESP,Spain,2001,3939491.62884
ESP,Spain,2002,4735162.57315
ESP,Spain,2003,5224515.91855
ESP,Spain,2004,5610094.35391
ESP,Spain,2005,6133912.83781
ESP,Spain,2006,7553092.46569
ESP,Spain,2007,8269681.45884
ESP,Spain,2008,9104416.54199
ESP,Spain,2009,8808284.77053
ESP,Spain,2010,8643609.25053
ESP,Spain,2011,8801384.62379
ESP,Spain,2012,8795005.87071
ESP,Spain,2013,8936767.17725
ESP,Spain,2014,8983852.72672
POL,Poland,1996,793372.63966
POL,Poland,1997,778760.54764
POL,Poland,1998,914401.5375
POL,Poland,1999,1007564.21294
POL,Poland,2000,771510.79717
POL,Poland,2001,815712.49204
POL,Poland,2002,755141.55779
POL,Poland,2003,763655.82791
POL,Poland,2004,858436.3925
POL,Poland,2005,995451.36927
POL,Poland,2006,1052066.40275
POL,Poland,2007,1231377.17094
POL,Poland,2008,1274099.01951
POL,Poland,2009,1316378.69711
POL,Poland,2010,1411675.75921
POL,Poland,2011,1824001.45663
POL,Poland,2012,2581384.36939
POL,Poland,2013,3058474.1541
POL,Poland,2014,3585852.00811
POL,Poland,2015,3997224.15777
CZE,Czechia,1996,802614.14051
CZE,Czechia,1997,902280.07001
CZE,Czechia,1998,982952.15896
CZE,Czechia,1999,874214.21217
CZE,Czechia,2000,945789.01109
CZE,Czechia,2001,1040467.84903
CZE,Czechia,2002,1098059.7263
CZE,Czechia,2003,1168911.81919
CZE,Czechia,2004,1284227.20024
CZE,Czechia,2005,1262452.315
CZE,Czechia,2006,1472407.64532
CZE,Czechia,2007,1652296.78831
CZE,Czechia,2008,1614409.667
CZE,Czechia,2009,1484816.47711
CZE,Czechia,2010,1582568.47893
CZE,Czechia,2011,1771982.65607
CZE,Czechia,2012,1979898.02597
CZE,Czechia,2013,2291346.80761
CZE,Czechia,2014,2416045.85763
CZE,Czechia,2015,2393650.59829
AUT,Austria,1996,1380545.13329
AUT,Austria,1997,1450886.08111
AUT,Austria,1998,1535568.21454
AUT,Austria,1999,1672518.63285
AUT,Austria,2000,1854693.88115
AUT,Austria,2001,1992974.67385
AUT,Austria,2002,2323441.84299
AUT,Austria,2003,2558408.91583
AUT,Austria,2004,2818703.61557
AUT,Austria,2005,3119206.65715
AUT,Austria,2006,3552906.597
AUT,Austria,2007,3846967.88442
AUT,Austria,2008,4073586.41611
AUT,Austria,2009,4177083.81542
AUT,Austria,2010,4329297.08922
AUT,Austria,2011,4595890.65812
AUT,Austria,2012,5215191.33581
AUT,Austria,2013,5858828.02042
AUT,Austria,2014,6001577.37635
AUT,Austria,2015,6172981.56972
NGA,Nigeria,2007,2182.84148
TJK,Tajikistan,2001,36.03539
TJK,Tajikistan,2002,121.86436
TJK,Tajikistan,2003,456.0552
TJK,Tajikistan,2004,303.81057
TJK,Tajikistan,2005,222.16195
TJK,Tajikistan,2006,22.15118
TJK,Tajikistan,2007,112.10159
TJK,Tajikistan,2008,35.94187
TJK,Tajikistan,2009,136.01857
TJK,Tajikistan,2010,268.01745
TJK,Tajikistan,2011,346.30132
AZE,Azerbaijan,2001,28101.77381
AZE,Azerbaijan,2002,23054.92321
AZE,Azerbaijan,2003,32743.63038
AZE,Azerbaijan,2004,31580.15258
AZE,Azerbaijan,2005,24786.58694
AZE,Azerbaijan,2006,26175.15045
AZE,Azerbaijan,2007,37816.65383
AZE,Azerbaijan,2008,50367.87904
AZE,Azerbaijan,2009,82456.62188
AZE,Azerbaijan,2010,29703.65186
AZE,Azerbaijan,2011,28799.60586
AZE,Azerbaijan,2012,31478.44357
AZE,Azerbaijan,2013,104237.41892
AZE,Azerbaijan,2014,107603.96024
AZE,Azerbaijan,2015,122788.34827
MDA,Republic of Moldova,1997,28679.78001
ARG,Argentina,1997,479053.7055
ARG,Argentina,1998,489265.32287
ARG,Argentina,1999,504675.09631
ARG,Argentina,2000,447927.96529
ARG,Argentina,2001,378034.19637
ARG,Argentina,2002,339682.51917
ARG,Argentina,2003,461029.37693
ARG,Argentina,2004,598096.46774
ARG,Argentina,2005,704581.10068
ARG,Argentina,2006,799003.50268
ARG,Argentina,2007,906512.97747
ARG,Argentina,2008,891665.41401
BHR,Bahrain,2014,13589.61893
IDN,Indonesia,2000,169422.88077
IDN,Indonesia,2001,72101.83561
KEN,Kenya,2007,51371.09907
KEN,Kenya,2010,34212.69278
MLI,Mali,2007,5076.75797
MUS,Mauritius,2012,105.99489
PRI,Puerto Rico,2013,358732.37275
SEN,Senegal,2008,3775.7507
SEN,Senegal,2010,6121.47662
TZA,United Republic of Tanzania,2010,276.59906
ZMB,Zambia,2008,3252.06631
ALB,Albania,2007,293.09402
ALB,Albania,2008,1218.54722
GHA,Ghana,2007,67386.61743
GHA,Ghana,2010,280.86724
LSO,Lesotho,2009,40.31601
LSO,Lesotho,2015,25.99919
GEO,Georgia,2013,
EGY,Egypt,2014,495073.13575
EGY,Egypt,2015,447455.09019
ARE,United Arab Emirates,2014,3157091.09265
UZB,Uzbekistan,2014,123961.16485
UZB,Uzbekistan,2015,158038.75446
PSE,Palestine,2007,82.5744
PSE,Palestine,2008,422.47313
PSE,Palestine,2009,2796.6553
PSE,Palestine,2010,567.99743
PSE,Palestine,2013,3589.89677
MOZ,Mozambique,2015,530.72107
KHM,Cambodia,2015,12499.14409
