LOCATION,Country,TIME,Private non-profit
AUS,Australia,1996,171743.12263
AUS,Australia,1998,194816.69066
AUS,Australia,2000,234103.04969
AUS,Australia,2002,303481.50753
AUS,Australia,2004,219733.74387
AUS,Australia,2006,281608.28672
AUS,Australia,2008,337846.7459
AUT,Austria,1996,11968.37525
AUT,Austria,1997,12303.55344
AUT,Austria,1998,13207.49406
AUT,Austria,1999,13648.57464
AUT,Austria,2000,14567.38821
AUT,Austria,2001,14771.86698
AUT,Austria,2002,19438.82898
AUT,Austria,2003,23616.60135
AUT,Austria,2004,28694.30167
AUT,Austria,2005,29537.19021
AUT,Austria,2006,31296.2709
AUT,Austria,2007,37172.17263
AUT,Austria,2008,39359.84944
AUT,Austria,2009,50052.39131
AUT,Austria,2010,52020.32278
AUT,Austria,2011,47194.16292
AUT,Austria,2012,52061.82526
AUT,Austria,2013,57100.91642
AUT,Austria,2014,58642.17331
AUT,Austria,2015,60035.65206
BEL,Belgium,1996,8847.36598
BEL,Belgium,1997,9129.2619
BEL,Belgium,1998,7430.33593
BEL,Belgium,1999,8998.78456
BEL,Belgium,2000,26912.93931
BEL,Belgium,2001,22218.2781
BEL,Belgium,2002,31699.3015
BEL,Belgium,2003,29879.06094
BEL,Belgium,2004,32925.98378
BEL,Belgium,2005,39555.36518
BEL,Belgium,2006,50554.89309
BEL,Belgium,2007,50092.65266
BEL,Belgium,2008,43774.65569
BEL,Belgium,2009,60772.58921
BEL,Belgium,2010,50417.65217
BEL,Belgium,2011,59020.73659
BEL,Belgium,2012,46203.97817
BEL,Belgium,2013,48499.07752
CAN,Canada,1996,296293.35359
CAN,Canada,1997,305454.56967
CAN,Canada,1998,313541.71496
CAN,Canada,1999,319110.52141
CAN,Canada,2000,362507.44362
CAN,Canada,2001,439303.93275
CAN,Canada,2002,510846.1255
CAN,Canada,2003,519467.81053
CAN,Canada,2004,596306.79214
CAN,Canada,2005,645988.44472
CAN,Canada,2006,686115.73868
CAN,Canada,2007,788917.23788
CAN,Canada,2008,822268.48889
CAN,Canada,2009,785673.44449
CAN,Canada,2010,874596.89109
CAN,Canada,2011,929910.70276
CAN,Canada,2012,956928.57263
CAN,Canada,2013,954573.11687
CAN,Canada,2014,954416.88768
CZE,Czechia,1996,2324.83505
CZE,Czechia,1997,3701.55063
CZE,Czechia,1998,985.60186
CZE,Czechia,1999,1173.63056
CZE,Czechia,2000,12160.54287
CZE,Czechia,2001,20318.43886
CZE,Czechia,2002,21025.95454
CZE,Czechia,2003,22693.97587
CZE,Czechia,2004,1318.24002
CZE,Czechia,2005,147.84556
CZE,Czechia,2006,388.45526
CZE,Czechia,2007,160.45466
CZE,Czechia,2008,111.44873
CZE,Czechia,2009,823.90555
CZE,Czechia,2010,724.4967
CZE,Czechia,2011,324.53361
CZE,Czechia,2012,123.55521
CZE,Czechia,2013,3651.16675
CZE,Czechia,2014,6840.77872
CZE,Czechia,2015,3647.22185
DNK,Denmark,1996,103192.24371
DNK,Denmark,1997,100878.7234
DNK,Denmark,1999,100278.91211
DNK,Denmark,2001,96228.6812
DNK,Denmark,2003,113545.10762
DNK,Denmark,2005,125095.13459
DNK,Denmark,2007,187667.53736
DNK,Denmark,2009,212273.22858
DNK,Denmark,2010,240537.02911
DNK,Denmark,2011,260653.06171
DNK,Denmark,2012,281036.72382
DNK,Denmark,2013,340886.01786
DNK,Denmark,2014,351597.32356
DNK,Denmark,2015,387707.38084
FIN,Finland,1997,17923.8841
FIN,Finland,1998,26230.4166
FIN,Finland,1999,29448.49839
FIN,Finland,2000,32386.08207
FIN,Finland,2001,47933.31087
FIN,Finland,2002,47174.074
FIN,Finland,2003,44966.36668
FIN,Finland,2004,52334.57639
FIN,Finland,2005,54060.34567
FIN,Finland,2006,58096.83155
FIN,Finland,2007,64723.61573
FIN,Finland,2008,77478.41579
FIN,Finland,2009,86834.74015
FIN,Finland,2010,88538.17826
FIN,Finland,2011,100757.40367
FIN,Finland,2012,96924.0337
FIN,Finland,2013,100382.51487
FIN,Finland,2014,102484.70184
FIN,Finland,2015,102577.72171
FRA,France,1996,250458.05629
FRA,France,1997,249264.16843
FRA,France,1998,269620.91069
FRA,France,1999,280601.56121
FRA,France,2000,289653.86119
FRA,France,2001,312376.30294
FRA,France,2002,347098.51912
FRA,France,2003,335403.55324
FRA,France,2004,332746.72357
FRA,France,2005,344205.62644
FRA,France,2006,358648.51157
FRA,France,2007,360391.96342
FRA,France,2008,489105.01954
FRA,France,2009,391681.01468
FRA,France,2010,402406.18673
FRA,France,2011,427479.99967
FRA,France,2012,428168.39018
FRA,France,2013,454442.53986
FRA,France,2014,568522.22568
DEU,Germany,1996,129010.92547
DEU,Germany,1997,145091.26874
DEU,Germany,1998,159128.15082
DEU,Germany,1999,214887.24153
DEU,Germany,2000,220489.99425
DEU,Germany,2001,239366.00356
DEU,Germany,2002,264813.73808
DEU,Germany,2003,195878.85166
DEU,Germany,2004,237991.32126
DEU,Germany,2005,187455.09733
DEU,Germany,2006,248476.65062
DEU,Germany,2007,258813.37051
DEU,Germany,2008,252442.40317
DEU,Germany,2009,216803.35559
DEU,Germany,2010,204510.9769
DEU,Germany,2011,334031.91677
DEU,Germany,2012,390505.6361
DEU,Germany,2013,317536.5981
DEU,Germany,2014,344232.82632
HUN,Hungary,1996,3257.70142
HUN,Hungary,1997,3344.67546
HUN,Hungary,1998,3081.99655
HUN,Hungary,1999,1979.99189
HUN,Hungary,2000,2937.65024
HUN,Hungary,2001,5317.60176
HUN,Hungary,2002,3838.62433
HUN,Hungary,2003,5794.28981
HUN,Hungary,2004,7949.64015
HUN,Hungary,2005,5079.81577
HUN,Hungary,2006,11384.14486
HUN,Hungary,2007,11724.46404
HUN,Hungary,2008,12216.29452
HUN,Hungary,2009,16089.86765
HUN,Hungary,2010,23002.64282
HUN,Hungary,2011,26804.14249
HUN,Hungary,2012,24658.58169
HUN,Hungary,2013,25233.33487
HUN,Hungary,2014,23666.21746
HUN,Hungary,2015,25396.55033
ISL,Iceland,1997,1213.64185
ISL,Iceland,1998,1253.48525
ISL,Iceland,1999,2731.2088
ISL,Iceland,2001,4097.94906
ISL,Iceland,2003,3850.45157
ISL,Iceland,2005,966.18695
ISL,Iceland,2006,2035.9699
ISL,Iceland,2007,2639.78388
ISL,Iceland,2008,2762.93792
ISL,Iceland,2009,2006.95538
ISL,Iceland,2011,1832.01131
ISL,Iceland,2013,195.03447
ISL,Iceland,2014,5965.94326
ISL,Iceland,2015,14630.70363
IRL,Ireland,1996,6211.49516
IRL,Ireland,1997,4969.35167
IRL,Ireland,1998,856.23769
IRL,Ireland,1999,3829.8161
IRL,Ireland,2000,6669.88515
IRL,Ireland,2001,6721.77836
IRL,Ireland,2002,
IRL,Ireland,2003,
IRL,Ireland,2004,
IRL,Ireland,2005,3953.71387
IRL,Ireland,2006,34740.49362
IRL,Ireland,2007,14075.76935
IRL,Ireland,2008,14399.96104
IRL,Ireland,2009,15109.21717
IRL,Ireland,2010,14621.47274
IRL,Ireland,2011,18821.11284
IRL,Ireland,2012,19460.02294
IRL,Ireland,2013,20408.4906
IRL,Ireland,2014,20973.5145
JPN,Japan,1996,572118.94898
JPN,Japan,1997,586935.48689
JPN,Japan,1998,602156.03329
JPN,Japan,1999,672320.81021
JPN,Japan,2000,714833.60752
JPN,Japan,2001,736661.38652
JPN,Japan,2002,779493.09475
JPN,Japan,2003,856746.93379
JPN,Japan,2004,817498.61919
JPN,Japan,2005,900766.02858
JPN,Japan,2006,944956.79986
JPN,Japan,2007,1070617.35301
JPN,Japan,2008,1021551.35827
JPN,Japan,2009,1006669.65183
JPN,Japan,2010,1103641.2835
JPN,Japan,2011,1236237.39104
JPN,Japan,2012,1173773.25954
JPN,Japan,2013,1374313.4716
JPN,Japan,2014,1251559.50682
JPN,Japan,2015,1255056.88535
KOR,Republic of Korea,1996,245583.11181
KOR,Republic of Korea,1997,147280.25138
KOR,Republic of Korea,1998,57671.62054
KOR,Republic of Korea,1999,194660.70799
KOR,Republic of Korea,2000,61733.28414
KOR,Republic of Korea,2001,82967.23169
KOR,Republic of Korea,2002,88767.86716
KOR,Republic of Korea,2003,88954.10411
KOR,Republic of Korea,2004,109190.74939
KOR,Republic of Korea,2005,122494.27504
KOR,Republic of Korea,2006,123713.78155
KOR,Republic of Korea,2007,140169.88891
KOR,Republic of Korea,2008,173747.15459
KOR,Republic of Korea,2009,190026.43745
KOR,Republic of Korea,2010,198441.26183
KOR,Republic of Korea,2011,257062.72886
KOR,Republic of Korea,2012,307567.285
KOR,Republic of Korea,2013,313295.21159
KOR,Republic of Korea,2014,254102.71816
KOR,Republic of Korea,2015,293378.01833
MEX,Mexico,1996,45516.50465
MEX,Mexico,1997,22122.51647
MEX,Mexico,1998,3296.81124
MEX,Mexico,1999,3776.04652
MEX,Mexico,2000,19216.86752
MEX,Mexico,2001,28517.63343
MEX,Mexico,2002,34913.1185
MEX,Mexico,2003,34384.09195
MEX,Mexico,2004,37238.98066
MEX,Mexico,2005,49853.21731
MEX,Mexico,2006,7682.69091
MEX,Mexico,2007,110575.5876
MEX,Mexico,2008,124315.01733
MEX,Mexico,2009,199565.67529
MEX,Mexico,2010,146990.84233
MEX,Mexico,2011,151466.4448
MEX,Mexico,2012,405167.36339
MEX,Mexico,2013,456866.41878
MEX,Mexico,2014,495165.55651
MEX,Mexico,2015,518620.52941
NLD,Netherlands,1996,167239.90109
NLD,Netherlands,1997,179138.96033
NLD,Netherlands,1998,218663.50859
NLD,Netherlands,1999,246039.91584
NLD,Netherlands,2001,262564.60252
NLD,Netherlands,2003,209371.1957
NLD,Netherlands,2005,280892.92741
NLD,Netherlands,2007,282108.73376
NLD,Netherlands,2009,346983.31057
NLD,Netherlands,2011,483635.84171
NLD,Netherlands,2012,465997.41875
NLD,Netherlands,2013,489312.74257
NLD,Netherlands,2014,481547.75497
NLD,Netherlands,2015,446986.19558
NZL,New Zealand,1997,8440.61851
NZL,New Zealand,1999,13919.67435
NZL,New Zealand,2001,18025.92873
NZL,New Zealand,2003,23308.03065
NZL,New Zealand,2005,20065.14658
NZL,New Zealand,2007,52481.44216
NZL,New Zealand,2009,46919.11417
NZL,New Zealand,2011,49127.97838
NZL,New Zealand,2013,57414.01732
NOR,Norway,1997,18160.39201
NOR,Norway,1999,21370.69989
NOR,Norway,2001,25250.77593
NOR,Norway,2003,24402.08114
NOR,Norway,2005,29505.16168
NOR,Norway,2007,39663.88661
NOR,Norway,2009,45653.08658
NOR,Norway,2011,55016.462
NOR,Norway,2013,57664.20081
POL,Poland,1996,7024.26848
POL,Poland,1997,6802.26733
POL,Poland,1998,8209.0309
POL,Poland,1999,7251.14752
POL,Poland,2000,10848.68913
POL,Poland,2001,9821.94452
POL,Poland,2002,7500.85426
POL,Poland,2003,7251.29845
POL,Poland,2004,7484.61693
POL,Poland,2005,8834.89193
POL,Poland,2006,9614.81849
POL,Poland,2007,7756.70659
POL,Poland,2008,9173.59979
POL,Poland,2009,12534.38922
POL,Poland,2010,18207.29224
POL,Poland,2011,16209.39879
POL,Poland,2012,33126.07729
POL,Poland,2013,14484.90815
POL,Poland,2014,18313.15379
POL,Poland,2015,23377.90266
PRT,Portugal,1996,21008.89094
PRT,Portugal,1997,25936.05598
PRT,Portugal,1998,27171.1521
PRT,Portugal,1999,28888.56597
PRT,Portugal,2000,26955.57138
PRT,Portugal,2001,24772.98775
PRT,Portugal,2002,26797.3652
PRT,Portugal,2003,28989.8297
PRT,Portugal,2004,39480.39658
PRT,Portugal,2005,51124.63663
PRT,Portugal,2006,61881.29633
PRT,Portugal,2007,69946.3946
PRT,Portugal,2008,67229.63839
PRT,Portugal,2009,165136.619
PRT,Portugal,2010,203807.25758
PRT,Portugal,2011,87485.93687
PRT,Portugal,2012,79645.12602
PRT,Portugal,2013,50334.43095
PRT,Portugal,2014,49563.46518
SVK,Slovakia,1996,380.38497
SVK,Slovakia,1997,295.0448
SVK,Slovakia,1998,355.80857
SVK,Slovakia,1999,66.74676
SVK,Slovakia,2000,193.50706
SVK,Slovakia,2001,128.29784
SVK,Slovakia,2002,828.35108
SVK,Slovakia,2003,1644.08798
SVK,Slovakia,2004,116.89609
SVK,Slovakia,2005,177.08047
SVK,Slovakia,2006,454.17517
SVK,Slovakia,2007,425.59714
SVK,Slovakia,2008,2238.43105
SVK,Slovakia,2009,5659.01062
SVK,Slovakia,2010,2324.62083
SVK,Slovakia,2011,3586.04838
SVK,Slovakia,2012,3985.79306
SVK,Slovakia,2013,2455.77566
SVK,Slovakia,2014,7265.7189
SVK,Slovakia,2015,6065.69519
ESP,Spain,1996,52416.58358
ESP,Spain,1997,40428.7957
ESP,Spain,1998,49786.63266
ESP,Spain,1999,53369.13732
ESP,Spain,2000,157410.53411
ESP,Spain,2001,69566.7916
ESP,Spain,2002,66939.50792
ESP,Spain,2003,49044.20306
ESP,Spain,2004,76402.12414
ESP,Spain,2005,113355.54666
ESP,Spain,2006,89688.43113
ESP,Spain,2007,99095.18057
ESP,Spain,2008,112165.9489
ESP,Spain,2009,127116.36544
ESP,Spain,2010,137713.27765
ESP,Spain,2011,109505.42549
ESP,Spain,2012,123513.61774
ESP,Spain,2013,121582.75622
ESP,Spain,2014,130606.58725
TUR,Turkey,1996,141824.98468
TUR,Turkey,1997,67713.40913
TUR,Turkey,1998,91531.33599
TUR,Turkey,1999,103855.64859
TUR,Turkey,2000,148721.82479
TUR,Turkey,2001,196425.638
TUR,Turkey,2002,213785.68493
TUR,Turkey,2003,155192.45139
TUR,Turkey,2004,173772.45736
TUR,Turkey,2005,265221.56415
TUR,Turkey,2006,252027.14336
TUR,Turkey,2007,282459.86946
TUR,Turkey,2008,285556.16164
TUR,Turkey,2009,327260.41179
TUR,Turkey,2010,369983.02865
TUR,Turkey,2011,391436.96387
TUR,Turkey,2012,433341.56979
TUR,Turkey,2013,457651.4013
TUR,Turkey,2014,517713.46098
GBR,United Kingdom of Great Britain and Northern Ireland,1996,764568.41185
GBR,United Kingdom of Great Britain and Northern Ireland,1997,815519.68936
GBR,United Kingdom of Great Britain and Northern Ireland,1998,861188.03867
GBR,United Kingdom of Great Britain and Northern Ireland,1999,965692.54869
GBR,United Kingdom of Great Britain and Northern Ireland,2000,1155934.91023
GBR,United Kingdom of Great Britain and Northern Ireland,2001,1281751.4961
GBR,United Kingdom of Great Britain and Northern Ireland,2002,1395031.28819
GBR,United Kingdom of Great Britain and Northern Ireland,2003,1336173.42552
GBR,United Kingdom of Great Britain and Northern Ireland,2004,1395534.75392
GBR,United Kingdom of Great Britain and Northern Ireland,2005,1444138.72437
GBR,United Kingdom of Great Britain and Northern Ireland,2006,1543892.88328
GBR,United Kingdom of Great Britain and Northern Ireland,2007,1623706.17978
GBR,United Kingdom of Great Britain and Northern Ireland,2008,1801030.65309
GBR,United Kingdom of Great Britain and Northern Ireland,2009,1819225.24298
GBR,United Kingdom of Great Britain and Northern Ireland,2010,1809950.58093
GBR,United Kingdom of Great Britain and Northern Ireland,2011,1850005.38204
GBR,United Kingdom of Great Britain and Northern Ireland,2012,1820322.27629
GBR,United Kingdom of Great Britain and Northern Ireland,2013,1961360.16815
GBR,United Kingdom of Great Britain and Northern Ireland,2014,2128265.05878
GBR,United Kingdom of Great Britain and Northern Ireland,2015,2223507.9818
USA,United States of America,1996,4239079
USA,United States of America,1997,4589549
USA,United States of America,1998,5102000
USA,United States of America,1999,5619000
USA,United States of America,2000,6528000
USA,United States of America,2001,7192000
USA,United States of America,2002,8203000
USA,United States of America,2003,9160000
USA,United States of America,2004,9310000
USA,United States of America,2005,10095000
USA,United States of America,2006,10641000
USA,United States of America,2007,11810000
USA,United States of America,2008,13151000
USA,United States of America,2009,14856000
USA,United States of America,2010,15494000
USA,United States of America,2011,15282000
USA,United States of America,2012,15632000
USA,United States of America,2013,16552000
USA,United States of America,2014,17877000
USA,United States of America,2015,18788000
ALB,Albania,2007,
ALB,Albania,2008,
ARG,Argentina,1997,38536.31782
ARG,Argentina,1998,27107.74448
ARG,Argentina,1999,29104.14958
ARG,Argentina,2000,36093.3691
ARG,Argentina,2001,23926.21496
ARG,Argentina,2002,52872.33549
ARG,Argentina,2003,64159.75654
ARG,Argentina,2004,53071.04546
ARG,Argentina,2005,67492.2333
ARG,Argentina,2006,72729.17482
ARG,Argentina,2007,34395.03243
ARG,Argentina,2008,32402.2533
AZE,Azerbaijan,2001,5773.50483
AZE,Azerbaijan,2002,5354.30972
AZE,Azerbaijan,2003,5042.12815
AZE,Azerbaijan,2004,1788.77976
AZE,Azerbaijan,2005,1740.61491
AZE,Azerbaijan,2006,2791.83215
AZE,Azerbaijan,2007,4820.42845
AZE,Azerbaijan,2008,2918.98625
AZE,Azerbaijan,2009,2722.80271
AZE,Azerbaijan,2010,5766.5283
AZE,Azerbaijan,2011,2232.5577
AZE,Azerbaijan,2012,5014.26535
AZE,Azerbaijan,2013,1120.83246
AZE,Azerbaijan,2014,3131.33218
AZE,Azerbaijan,2015,6313.02562
BLR,Belarus,1997,
BLR,Belarus,1998,25.35704
BLR,Belarus,1999,
BLR,Belarus,2000,5.07019
BLR,Belarus,2001,
BLR,Belarus,2002,7.33732
BLR,Belarus,2003,
BLR,Belarus,2004,
BLR,Belarus,2005,
BLR,Belarus,2006,
BLR,Belarus,2007,847.80686
BLR,Belarus,2008,840.86624
BLR,Belarus,2009,1114.37243
BLR,Belarus,2010,6101.26968
BLR,Belarus,2011,21.17178
BOL,Bolivia (Plurinational State of),1996,17235.80693
BOL,Bolivia (Plurinational State of),1997,15418.19319
BOL,Bolivia (Plurinational State of),1998,14485.38636
BOL,Bolivia (Plurinational State of),1999,13280.18321
BOL,Bolivia (Plurinational State of),2000,12575.06958
BOL,Bolivia (Plurinational State of),2001,15139.014
BOL,Bolivia (Plurinational State of),2002,16590.14185
BOL,Bolivia (Plurinational State of),2009,1605.78889
BGR,Bulgaria,1996,967.74501
BGR,Bulgaria,1997,1929.72276
BGR,Bulgaria,1998,487.21302
BGR,Bulgaria,1999,628.37482
BGR,Bulgaria,2000,684.22731
BGR,Bulgaria,2001,719.62393
BGR,Bulgaria,2002,478.24635
BGR,Bulgaria,2003,517.41119
BGR,Bulgaria,2004,721.9617
BGR,Bulgaria,2005,948.86722
BGR,Bulgaria,2006,1424.38193
BGR,Bulgaria,2007,2116.15307
BGR,Bulgaria,2008,4447.52023
BGR,Bulgaria,2009,943.16853
BGR,Bulgaria,2010,591.99142
BGR,Bulgaria,2011,1121.13763
BGR,Bulgaria,2012,9109.2263
BGR,Bulgaria,2013,3556.1264
BGR,Bulgaria,2014,4048.80862
BFA,Burkina Faso,2008,421.09497
BFA,Burkina Faso,2009,503.49173
KHM,Cambodia,2002,3397.43791
KHM,Cambodia,2015,14184.31933
CHL,Chile,2007,23292.12904
CHL,Chile,2008,20133.38485
CHL,Chile,2009,16400.46538
CHL,Chile,2010,17410.61127
CHL,Chile,2011,19742.36609
CHL,Chile,2012,28929.20886
CHL,Chile,2013,12139.4906
CHL,Chile,2014,11058.36587
CHL,Chile,2015,10216.98751
COL,Colombia,1996,25084.17442
COL,Colombia,1997,27581.38218
COL,Colombia,2006,34093.67367
COL,Colombia,2007,41743.63473
COL,Colombia,2008,42934.59982
COL,Colombia,2009,45330.49084
COL,Colombia,2010,55976.04782
COL,Colombia,2011,57199.59073
COL,Colombia,2012,48468.51696
COL,Colombia,2013,56335.80551
COL,Colombia,2014,59805.24477
COL,Colombia,2015,52843.24015
HRV,Croatia,2005,268.71846
HRV,Croatia,2006,1353.45374
HRV,Croatia,2007,1085.0508
HRV,Croatia,2008,1471.95081
HRV,Croatia,2009,848.39109
HRV,Croatia,2010,1266.05295
HRV,Croatia,2011,1658.56879
HRV,Croatia,2012,1714.18658
HRV,Croatia,2013,2300.47253
HRV,Croatia,2014,3319.56035
HRV,Croatia,2015,3973.48267
CYP,Cyprus,1998,959.30021
CYP,Cyprus,1999,1351.37467
CYP,Cyprus,2000,1548.31506
CYP,Cyprus,2001,1369.1842
CYP,Cyprus,2002,942.98784
CYP,Cyprus,2003,1284.25868
CYP,Cyprus,2004,992.11498
CYP,Cyprus,2005,879.80049
CYP,Cyprus,2006,1133.54047
CYP,Cyprus,2007,1665.76132
CYP,Cyprus,2008,773.97804
CYP,Cyprus,2009,553.39921
CYP,Cyprus,2010,575.23602
CYP,Cyprus,2011,578.28131
CYP,Cyprus,2012,812.05448
CYP,Cyprus,2013,732.4961
CYP,Cyprus,2014,760.33437
ECU,Ecuador,2006,1694.33052
ECU,Ecuador,2007,5125.8605
ECU,Ecuador,2009,2631.94363
ECU,Ecuador,2010,2813.49944
ECU,Ecuador,2011,2394.61153
ECU,Ecuador,2012,928.7672
ECU,Ecuador,2013,965.5408
ECU,Ecuador,2014,947.29702
SLV,El Salvador,1998,2242.0181
SLV,El Salvador,2007,345.53207
SLV,El Salvador,2008,66.47999
SLV,El Salvador,2009,41.1813
SLV,El Salvador,2010,4.11709
SLV,El Salvador,2011,23.45744
SLV,El Salvador,2012,382.7997
SLV,El Salvador,2013,811.36369
SLV,El Salvador,2014,384.86762
EST,Estonia,1998,3065.1341
EST,Estonia,1999,1284.79102
EST,Estonia,2000,1715.62777
EST,Estonia,2001,472.57814
EST,Estonia,2002,368.12718
EST,Estonia,2003,538.71777
EST,Estonia,2004,1075.44304
EST,Estonia,2005,381.461
EST,Estonia,2006,404.96553
EST,Estonia,2007,579.78157
EST,Estonia,2008,1054.93941
EST,Estonia,2009,2588.65214
EST,Estonia,2010,892.10778
EST,Estonia,2011,738.85848
EST,Estonia,2012,673.62296
EST,Estonia,2013,695.46625
EST,Estonia,2014,640.53706
EST,Estonia,2015,1337.88704
ETH,Ethiopia,2005,53.10169
ETH,Ethiopia,2007,811.2904
ETH,Ethiopia,2010,93.0293
ETH,Ethiopia,2013,1782.71395
HKG,"China, Hong Kong Special Administrative Region",2000,
HKG,"China, Hong Kong Special Administrative Region",2001,
HKG,"China, Hong Kong Special Administrative Region",2002,
HKG,"China, Hong Kong Special Administrative Region",2003,
HKG,"China, Hong Kong Special Administrative Region",2004,
HKG,"China, Hong Kong Special Administrative Region",2005,
HKG,"China, Hong Kong Special Administrative Region",2006,
HKG,"China, Hong Kong Special Administrative Region",2007,
HKG,"China, Hong Kong Special Administrative Region",2008,
HKG,"China, Hong Kong Special Administrative Region",2009,
IDN,Indonesia,2001,
ISR,Israel,1996,49337.314
ISR,Israel,1997,50666.42308
ISR,Israel,1998,35234.6075
ISR,Israel,1999,48564.17533
ISR,Israel,2000,55151.57239
ISR,Israel,2001,60617.46262
ISR,Israel,2002,92327.43693
ISR,Israel,2003,98998.92813
ISR,Israel,2004,101356.97235
ISR,Israel,2005,124295.89202
ISR,Israel,2006,135366.35991
ISR,Israel,2007,143524.65042
ISR,Israel,2008,146412.46068
ISR,Israel,2009,140059.87427
ISR,Israel,2010,92625.31349
ISR,Israel,2011,98966.65528
ISR,Israel,2012,120191.39608
ISR,Israel,2013,119938.67773
KAZ,Kazakhstan,1997,3295.67
KAZ,Kazakhstan,1998,3842.51969
KAZ,Kazakhstan,1999,2224.40988
KAZ,Kazakhstan,2000,1609.48561
KAZ,Kazakhstan,2001,2559.02837
KAZ,Kazakhstan,2003,2563.50279
KAZ,Kazakhstan,2004,5550.0434
KAZ,Kazakhstan,2005,8243.08648
KAZ,Kazakhstan,2006,6410.82133
KAZ,Kazakhstan,2007,6110.68688
KAZ,Kazakhstan,2008,13814.37897
KAZ,Kazakhstan,2010,43816.29918
KAZ,Kazakhstan,2011,37307.89489
KGZ,Kyrgyzstan,1997,
KGZ,Kyrgyzstan,1998,
KGZ,Kyrgyzstan,1999,
KGZ,Kyrgyzstan,2000,
KGZ,Kyrgyzstan,2001,
KGZ,Kyrgyzstan,2002,
KGZ,Kyrgyzstan,2003,
KGZ,Kyrgyzstan,2004,
KGZ,Kyrgyzstan,2005,
KGZ,Kyrgyzstan,2011,
KGZ,Kyrgyzstan,2013,
KGZ,Kyrgyzstan,2014,
KGZ,Kyrgyzstan,2015,
LAO,Lao People's Democratic Republic,2002,
LTU,Lithuania,2003,286.79826
LTU,Lithuania,2004,910.35974
LTU,Lithuania,2005,799.70065
LTU,Lithuania,2006,2401.1178
LTU,Lithuania,2007,2644.23232
LTU,Lithuania,2008,1527.91497
LTU,Lithuania,2009,1358.73998
LTU,Lithuania,2010,903.14245
LTU,Lithuania,2011,960.3458
LTU,Lithuania,2012,1022.85278
LTU,Lithuania,2013,5623.71591
LTU,Lithuania,2014,1625.98955
LTU,Lithuania,2015,2715.5495
MYS,Malaysia,1998,
MYS,Malaysia,2002,
MYS,Malaysia,2004,
MYS,Malaysia,2006,
MYS,Malaysia,2008,
MYS,Malaysia,2009,
MYS,Malaysia,2010,
MYS,Malaysia,2011,
MYS,Malaysia,2012,
MYS,Malaysia,2014,
MYS,Malaysia,2015,
MLT,Malta,2002,
MLT,Malta,2005,40.15852
MLT,Malta,2006,
MLT,Malta,2007,
MLT,Malta,2008,61.2365
MLT,Malta,2009,29.8898
MLT,Malta,2010,91.00172
MLT,Malta,2011,240.35577
MLT,Malta,2012,327.74026
MLT,Malta,2013,202.78907
MLT,Malta,2014,169.84799
MLT,Malta,2015,138.6573
MDA,Republic of Moldova,1997,
MNG,Mongolia,2015,
PAN,Panama,1996,1088.3377
PAN,Panama,1997,827.29465
PAN,Panama,1998,789.469
PAN,Panama,1999,591.80825
PAN,Panama,2000,644.58287
PAN,Panama,2001,1130.71283
PAN,Panama,2002,185.55402
PAN,Panama,2003,925.24718
PAN,Panama,2004,1795.18447
PAN,Panama,2005,531.28989
PAN,Panama,2006,1655.24485
PAN,Panama,2007,985.91385
PAN,Panama,2008,933.13067
PAN,Panama,2009,11379.23363
PAN,Panama,2010,11342.83362
PAN,Panama,2011,9501.67435
PRY,Paraguay,2001,655.43194
PRY,Paraguay,2002,521.64877
PRY,Paraguay,2003,466.39977
PRY,Paraguay,2004,508.9817
PRY,Paraguay,2005,464.43787
PRY,Paraguay,2008,460.11473
PRY,Paraguay,2011,574.33072
PRY,Paraguay,2012,1197.18587
PRY,Paraguay,2014,2511.74132
PRY,Paraguay,2015,3278.93216
PHL,Philippines,2002,757.7255
PHL,Philippines,2003,1485.33256
PHL,Philippines,2005,2722.93288
PHL,Philippines,2007,4343.95826
PHL,Philippines,2009,2250.62579
PHL,Philippines,2011,798.12408
PHL,Philippines,2013,2024.59568
ROU,Romania,1996,2336.60684
ROU,Romania,1997,4.91729
ROU,Romania,1998,
ROU,Romania,1999,
ROU,Romania,2000,664.96668
ROU,Romania,2001,75.17081
ROU,Romania,2002,60.30561
ROU,Romania,2003,8.4886
ROU,Romania,2004,202.52061
ROU,Romania,2005,196.96299
ROU,Romania,2006,2034.15086
ROU,Romania,2007,723.52042
ROU,Romania,2008,510.77726
ROU,Romania,2009,1149.3057
ROU,Romania,2010,602.03453
ROU,Romania,2011,4085.05974
ROU,Romania,2012,4341.92996
ROU,Romania,2013,699.166
ROU,Romania,2014,1458.14783
ROU,Romania,2015,1968.03956
RUS,Russian Federation,1996,43629.05918
RUS,Russian Federation,1997,73282.81678
RUS,Russian Federation,1998,70930.81089
RUS,Russian Federation,1999,4263.99472
RUS,Russian Federation,2000,9258.55924
RUS,Russian Federation,2001,24711.99106
RUS,Russian Federation,2002,14492.90365
RUS,Russian Federation,2003,28162.20579
RUS,Russian Federation,2004,8535.61411
RUS,Russian Federation,2005,5370.54777
RUS,Russian Federation,2006,23535.5576
RUS,Russian Federation,2007,26987.58099
RUS,Russian Federation,2008,53586.88355
RUS,Russian Federation,2009,33653.52448
RUS,Russian Federation,2010,43148.62552
RUS,Russian Federation,2011,69741.142
RUS,Russian Federation,2012,47555.27224
RUS,Russian Federation,2013,43773.03651
RUS,Russian Federation,2014,64404.2811
RUS,Russian Federation,2015,69413.02972
SEN,Senegal,2008,251.03937
SEN,Senegal,2010,4825.93345
SGP,Singapore,1996,
SGP,Singapore,1997,
SGP,Singapore,1998,
SGP,Singapore,1999,
SGP,Singapore,2000,
SGP,Singapore,2001,
SGP,Singapore,2002,
SGP,Singapore,2003,
SGP,Singapore,2004,
SVN,Slovenia,1996,1268.02609
SVN,Slovenia,1997,850.41096
SVN,Slovenia,1998,171.84301
SVN,Slovenia,1999,300.88141
SVN,Slovenia,2000,229.6403
SVN,Slovenia,2001,2013.43003
SVN,Slovenia,2002,276.0224
SVN,Slovenia,2003,453.49909
SVN,Slovenia,2004,659.58938
SVN,Slovenia,2005,136.03547
SVN,Slovenia,2006,1345.97666
SVN,Slovenia,2007,98.22202
SVN,Slovenia,2008,115.18029
SVN,Slovenia,2009,314.88344
SVN,Slovenia,2010,720.88202
SVN,Slovenia,2011,155.45619
SVN,Slovenia,2012,1638.12041
SVN,Slovenia,2013,328.8838
SVN,Slovenia,2014,723.07447
SVN,Slovenia,2015,112.96031
LKA,Sri Lanka,2000,4.59211
LKA,Sri Lanka,2004,
LKA,Sri Lanka,2006,
LKA,Sri Lanka,2008,
LKA,Sri Lanka,2010,8.15874
LKA,Sri Lanka,2013,
THA,Thailand,1996,45169.99984
THA,Thailand,1997,3333.13981
THA,Thailand,2003,8235.0968
THA,Thailand,2005,10405.09009
THA,Thailand,2007,13561.65678
THA,Thailand,2009,6074.20765
THA,Thailand,2011,15322.07831
THA,Thailand,2014,20746.41891
THA,Thailand,2015,9189.81779
UGA,Uganda,2002,
UGA,Uganda,2003,
UGA,Uganda,2004,
UGA,Uganda,2005,
UGA,Uganda,2006,8.6497
UGA,Uganda,2007,9.35591
UGA,Uganda,2008,120.72407
UGA,Uganda,2009,136.77102
UGA,Uganda,2010,14699.72713
UKR,Ukraine,2001,9375.48979
UKR,Ukraine,2002,8223.07864
UKR,Ukraine,2003,7704.89379
UKR,Ukraine,2004,13689.84671
UKR,Ukraine,2005,11153.23237
UKR,Ukraine,2006,2560.12924
UKR,Ukraine,2007,2319.49226
UKR,Ukraine,2008,4569.4884
UKR,Ukraine,2009,2295.37928
UKR,Ukraine,2010,3266.8657
UKR,Ukraine,2011,1160.58668
UKR,Ukraine,2013,535.84642
UKR,Ukraine,2014,682.37757
UKR,Ukraine,2015,85.92553
URY,Uruguay,2002,74.37844
URY,Uruguay,2007,3380.67788
URY,Uruguay,2008,1836.68841
URY,Uruguay,2009,1264.63914
URY,Uruguay,2010,1690.12036
URY,Uruguay,2011,164.23973
URY,Uruguay,2012,1916.10998
URY,Uruguay,2013,1180.79069
URY,Uruguay,2014,642.6837
MAC,"China, Macao Special Administrative Region",2005,96.03151
MAC,"China, Macao Special Administrative Region",2006,637.05947
MAC,"China, Macao Special Administrative Region",2007,600.99738
MAC,"China, Macao Special Administrative Region",2008,556.6215
MAC,"China, Macao Special Administrative Region",2013,543.92301
MAC,"China, Macao Special Administrative Region",2014,2246.26308
MAC,"China, Macao Special Administrative Region",2015,408.66755
GRC,Greece,1997,1683.98983
GRC,Greece,1999,3732.47386
GRC,Greece,2001,4948.71333
GRC,Greece,2003,17379.0827
GRC,Greece,2005,23660.88556
GRC,Greece,2008,19662.37776
GRC,Greece,2009,19784.86799
GRC,Greece,2010,19316.13661
GRC,Greece,2011,19518.67946
GRC,Greece,2012,17672.92814
GRC,Greece,2013,20040.71563
GRC,Greece,2014,20857.15119
GRC,Greece,2015,5540.05819
ITA,Italy,2005,293285.65298
ITA,Italy,2006,602996.51856
ITA,Italy,2007,657509.97555
ITA,Italy,2008,681643.60069
ITA,Italy,2009,750023.36521
ITA,Italy,2010,780875.42018
ITA,Italy,2011,799671.01057
ITA,Italy,2012,760968.8511
ITA,Italy,2013,766052.06928
ITA,Italy,2014,778283.98081
LUX,Luxembourg,2003,517.68302
LUX,Luxembourg,2005,317.0031
LUX,Luxembourg,2007,433.52398
LUX,Luxembourg,2009,465.68459
LUX,Luxembourg,2010,890.76398
LUX,Luxembourg,2011,8143.86051
LUX,Luxembourg,2012,8820.12373
LUX,Luxembourg,2013,7021.11365
SWE,Sweden,1997,203485.73201
SWE,Sweden,1999,248068.42971
SWE,Sweden,2001,256035.86997
SWE,Sweden,2003,321783.59085
SWE,Sweden,2005,299814.89964
SWE,Sweden,2007,271019.24169
SWE,Sweden,2009,325372.06222
SWE,Sweden,2011,398686.48295
SWE,Sweden,2013,445871.64764
CHE,Switzerland,1996,63530.45067
CHE,Switzerland,2000,81004.86253
CHE,Switzerland,2004,62051.12658
CHE,Switzerland,2008,75684.05324
CHE,Switzerland,2012,77543.88245
BRN,Brunei Darussalam,2002,
BRN,Brunei Darussalam,2003,
BRN,Brunei Darussalam,2004,
CRI,Costa Rica,2008,5973.61086
CRI,Costa Rica,2009,8005.98898
CRI,Costa Rica,2012,1263.73139
CRI,Costa Rica,2013,1685.45833
CRI,Costa Rica,2014,2138.10212
KEN,Kenya,2007,40418.64174
KEN,Kenya,2010,27806.912
KWT,Kuwait,2005,815.93065
KWT,Kuwait,2010,27.98815
KWT,Kuwait,2011,103.59428
KWT,Kuwait,2013,45509.07233
LVA,Latvia,1996,1342.75244
MKD,The former Yugoslav Republic of Macedonia,1997,
MKD,The former Yugoslav Republic of Macedonia,1998,
MKD,The former Yugoslav Republic of Macedonia,1999,
MKD,The former Yugoslav Republic of Macedonia,2000,1042.88885
MKD,The former Yugoslav Republic of Macedonia,2001,1211.61933
MKD,The former Yugoslav Republic of Macedonia,2002,5.99546
MKD,The former Yugoslav Republic of Macedonia,2015,188.03288
MOZ,Mozambique,2008,1309.83222
MOZ,Mozambique,2010,2779.01814
MOZ,Mozambique,2015,
NGA,Nigeria,2007,23735.40271
PAK,Pakistan,2007,72680.85343
PAK,Pakistan,2009,51840.17736
PAK,Pakistan,2011,40973.23212
PAK,Pakistan,2013,42118.42005
PAK,Pakistan,2015,6563.25554
ZAF,South Africa,2001,43715.77766
ZAF,South Africa,2003,6849.36376
ZAF,South Africa,2004,17469.16882
ZAF,South Africa,2005,57808.37444
ZAF,South Africa,2006,44654.97042
ZAF,South Africa,2007,43326.60514
ZAF,South Africa,2008,37301.43472
ZAF,South Africa,2009,42445.32968
ZAF,South Africa,2010,142279.30373
ZAF,South Africa,2011,130392.76347
ZAF,South Africa,2012,118772.1202
ZAF,South Africa,2013,104404.0188
TZA,United Republic of Tanzania,2007,2692.10587
TZA,United Republic of Tanzania,2010,182.03996
VNM,Viet Nam,2002,
VNM,Viet Nam,2011,
VNM,Viet Nam,2013,
ZMB,Zambia,2008,324.99069
SRB,Serbia,2007,2402.6095
SRB,Serbia,2008,4453.52134
SRB,Serbia,2009,5697.16544
SRB,Serbia,2010,286.57725
SRB,Serbia,2011,569.15917
SRB,Serbia,2012,513.68597
SRB,Serbia,2013,215.08275
SRB,Serbia,2014,119.31366
SRB,Serbia,2015,118.86353
GMB,Gambia,2011,1614.709
IRQ,Iraq,2014,454.96316
IRQ,Iraq,2015,625.47242
BDI,Burundi,2008,
OMN,Oman,2011,
OMN,Oman,2012,852.2937
OMN,Oman,2013,187.33276
OMN,Oman,2014,710.27334
OMN,Oman,2015,946.70743
MNE,Montenegro,2011,
MNE,Montenegro,2013,5.49941
MNE,Montenegro,2014,11.08428
MNE,Montenegro,2015,8.68032
GHA,Ghana,2007,
GHA,Ghana,2010,295.22977
MLI,Mali,2007,
BWA,Botswana,2012,571.538
BWA,Botswana,2013,
BIH,Bosnia and Herzegovina,2012,42.49661
BIH,Bosnia and Herzegovina,2013,1.75046
BIH,Bosnia and Herzegovina,2014,112.74656
BIH,Bosnia and Herzegovina,2015,28.97706
PRI,Puerto Rico,2013,2684.3919
MUS,Mauritius,2012,43.64495
NAM,Namibia,2010,
NAM,Namibia,2014,3148.21402
QAT,Qatar,2012,72137.67748
TGO,Togo,2012,605.46749
BHR,Bahrain,2014,1248.61199
EGY,Egypt,2014,4035.01974
EGY,Egypt,2015,4225.16275
UZB,Uzbekistan,2014,
UZB,Uzbekistan,2015,
GEO,Georgia,2013,840.96622
PSE,Palestine,2007,3468.04185
PSE,Palestine,2008,2776.25111
PSE,Palestine,2009,5896.77679
PSE,Palestine,2010,3016.858
PSE,Palestine,2013,16307.55503
LSO,Lesotho,2015,11.26632
