LOCATION,Country,TIME,Rest of the world
AUS,Australia,1996,137880.23808
AUS,Australia,1998,174034.19106
AUS,Australia,2000,276535.18312
AUS,Australia,2002,353388.35307
AUS,Australia,2004,335051.88585
AUS,Australia,2006,368782.93086
AUS,Australia,2008,308030.77333
AUT,Austria,1996,360441.68546
AUT,Austria,1997,512962.71069
AUT,Austria,1998,741165.59383
AUT,Austria,1999,799767.50882
AUT,Austria,2000,880980.14409
AUT,Austria,2001,937687.70318
AUT,Austria,2002,1113545.61084
AUT,Austria,2003,1135013.8607
AUT,Austria,2004,1157531.15827
AUT,Austria,2005,1233089.81687
AUT,Austria,2006,1352069.10098
AUT,Austria,2007,1415112.26649
AUT,Austria,2008,1451890.39634
AUT,Austria,2009,1490366.05091
AUT,Austria,2010,1543634.38028
AUT,Austria,2011,1685966.84525
AUT,Austria,2012,1838559.18038
AUT,Austria,2013,1996844.39991
AUT,Austria,2014,2040098.56715
AUT,Austria,2015,2086135.26928
BEL,Belgium,1996,269194.86493
BEL,Belgium,1997,298250.20685
BEL,Belgium,1998,349570.6656
BEL,Belgium,1999,362761.28794
BEL,Belgium,2000,673164.33547
BEL,Belgium,2001,729443.40287
BEL,Belgium,2002,854148.63163
BEL,Belgium,2003,762228.43436
BEL,Belgium,2004,746670.82345
BEL,Belgium,2005,772201.46492
BEL,Belgium,2006,902451.54475
BEL,Belgium,2007,939218.49099
BEL,Belgium,2008,965724.27158
BEL,Belgium,2009,984845.71889
BEL,Belgium,2010,1194215.74204
BEL,Belgium,2011,1273092.91499
BEL,Belgium,2012,1444552.42861
BEL,Belgium,2013,1560490.06876
CAN,Canada,1996,1418566.50296
CAN,Canada,1997,1493148.49587
CAN,Canada,1998,2150963.59292
CAN,Canada,1999,2271563.05372
CAN,Canada,2000,2917981.26529
CAN,Canada,2001,2389124.93279
CAN,Canada,2002,1565889.79552
CAN,Canada,2003,1759829.72546
CAN,Canada,2004,1938199.89989
CAN,Canada,2005,2026953.53827
CAN,Canada,2006,1868358.69832
CAN,Canada,2007,2290910.1401
CAN,Canada,2008,1791168.10732
CAN,Canada,2009,1773591.21843
CAN,Canada,2010,1638640.80437
CAN,Canada,2011,1525118.07366
CAN,Canada,2012,1489626.84606
CAN,Canada,2013,1551692.5473
CAN,Canada,2014,1548096.54493
CZE,Czechia,1996,25928.94328
CZE,Czechia,1997,28721.86463
CZE,Czechia,1998,42559.4309
CZE,Czechia,1999,66390.94548
CZE,Czechia,2000,58083.32691
CZE,Czechia,2001,43849.47277
CZE,Czechia,2002,55442.12222
CZE,Czechia,2003,103756.7737
CZE,Czechia,2004,89894.87692
CZE,Czechia,2005,141271.89623
CZE,Czechia,2006,142958.8184
CZE,Czechia,2007,254403.20568
CZE,Czechia,2008,318403.56268
CZE,Czechia,2009,421115.94384
CZE,Czechia,2010,540525.68695
CZE,Czechia,2011,924340.50777
CZE,Czechia,2012,1410637.65994
CZE,Czechia,2013,1654857.6081
CZE,Czechia,2014,2049712.24004
CZE,Czechia,2015,2253164.95783
FIN,Finland,1997,156964.29365
FIN,Finland,1998,171805.95436
FIN,Finland,1999,115964.42471
FIN,Finland,2000,119058.35425
FIN,Finland,2001,114890.37945
FIN,Finland,2002,152182.12403
FIN,Finland,2003,156975.07506
FIN,Finland,2004,173235.32735
FIN,Finland,2005,351004.26373
FIN,Finland,2006,428734.77009
FIN,Finland,2007,434523.24995
FIN,Finland,2008,499985.1994
FIN,Finland,2009,500701.36095
FIN,Finland,2010,533193.8897
FIN,Finland,2011,521927.07011
FIN,Finland,2012,662277.72305
FIN,Finland,2013,852809.16267
FIN,Finland,2014,1245829.65673
FIN,Finland,2015,975539.58427
FRA,France,1996,2363055.4187
FRA,France,1997,2269782.91551
FRA,France,1998,2177415.66847
FRA,France,1999,2173282.62944
FRA,France,2000,2389339.56062
FRA,France,2001,2602619.07903
FRA,France,2002,3059907.09221
FRA,France,2003,3104242.84088
FRA,France,2004,3341354.4912
FRA,France,2005,2976028.36137
FRA,France,2006,2955193.93321
FRA,France,2007,3303408.72446
FRA,France,2008,3708865.43883
FRA,France,2009,3496217.69377
FRA,France,2010,3843274.31771
FRA,France,2011,4153702.15639
FRA,France,2012,4185654.16836
FRA,France,2013,4606035.19503
FRA,France,2014,4639916.69257
DEU,Germany,1996,849762.54337
DEU,Germany,1997,1059696.21933
DEU,Germany,1998,1130557.72402
DEU,Germany,1999,1044534.27717
DEU,Germany,2000,1150870.8878
DEU,Germany,2001,1385195.96744
DEU,Germany,2002,1395227.19235
DEU,Germany,2003,1368810.78014
DEU,Germany,2004,1592816.61529
DEU,Germany,2005,2393192.0969
DEU,Germany,2006,2648805.90872
DEU,Germany,2007,2943742.08353
DEU,Germany,2008,3254167.16947
DEU,Germany,2009,3181194.699
DEU,Germany,2010,3380567.00819
DEU,Germany,2011,4004022.87702
DEU,Germany,2012,4344671.17013
DEU,Germany,2013,5309217.08755
DEU,Germany,2014,5502940.33239
GRC,Greece,1997,175017.04701
GRC,Greece,1999,276422.88498
GRC,Greece,2001,234718.97307
GRC,Greece,2003,307647.67117
GRC,Greece,2005,308925.83106
GRC,Greece,2008,129811.244
GRC,Greece,2009,183919.67798
GRC,Greece,2010,222440.85474
GRC,Greece,2011,287772.92148
GRC,Greece,2012,308034.75578
GRC,Greece,2013,324916.44417
GRC,Greece,2014,318670.71287
GRC,Greece,2015,351476.88853
HUN,Hungary,1996,28068.4312
HUN,Hungary,1997,30354.78796
HUN,Hungary,1998,34460.56115
HUN,Hungary,1999,41730.00289
HUN,Hungary,2000,101692.08291
HUN,Hungary,2001,113188.07557
HUN,Hungary,2002,150437.67681
HUN,Hungary,2003,154286.26899
HUN,Hungary,2004,146340.19688
HUN,Hungary,2005,169334.0664
HUN,Hungary,2006,204307.24016
HUN,Hungary,2007,202857.80906
HUN,Hungary,2008,188574.73422
HUN,Hungary,2009,255773.22407
HUN,Hungary,2010,303714.29754
HUN,Hungary,2011,364256.30663
HUN,Hungary,2012,445798.37255
HUN,Hungary,2013,557450.24022
HUN,Hungary,2014,601202.89065
HUN,Hungary,2015,536408.29417
ISL,Iceland,1997,8160.03709
ISL,Iceland,1998,8473.9095
ISL,Iceland,1999,25529.84105
ISL,Iceland,2001,47237.873
ISL,Iceland,2003,37080.8193
ISL,Iceland,2005,33189.71128
ISL,Iceland,2006,36289.19626
ISL,Iceland,2007,32815.98456
ISL,Iceland,2008,34347.00024
ISL,Iceland,2009,39444.70918
ISL,Iceland,2011,25795.39997
ISL,Iceland,2013,48660.73411
ISL,Iceland,2014,68017.97524
ISL,Iceland,2015,91163.77456
IRL,Ireland,1996,71205.18594
IRL,Ireland,1997,69217.68035
IRL,Ireland,1998,110568.05585
IRL,Ireland,1999,139952.42274
IRL,Ireland,2000,110423.65417
IRL,Ireland,2001,79937.45644
IRL,Ireland,2002,104379.13761
IRL,Ireland,2003,135408.33423
IRL,Ireland,2004,160083.92554
IRL,Ireland,2005,173073.82473
IRL,Ireland,2006,292228.85811
IRL,Ireland,2007,401003.0289
IRL,Ireland,2008,430728.24626
IRL,Ireland,2009,501792.42129
IRL,Ireland,2010,534072.93754
IRL,Ireland,2011,652304.89481
IRL,Ireland,2012,698194.08266
IRL,Ireland,2013,646660.81017
IRL,Ireland,2014,667104.94362
ITA,Italy,1996,768981.41018
ITA,Italy,2005,1452044.63836
ITA,Italy,2006,1687515.63977
ITA,Italy,2007,2142552.20967
ITA,Italy,2008,1926517.2376
ITA,Italy,2009,2349761.67482
ITA,Italy,2010,2497349.99961
ITA,Italy,2011,2365270.52658
ITA,Italy,2012,2592509.8732
ITA,Italy,2013,2749669.44236
ITA,Italy,2014,2830613.36194
JPN,Japan,1996,82178.9419
JPN,Japan,1997,258618.05953
JPN,Japan,1998,287911.74194
JPN,Japan,1999,360476.02831
JPN,Japan,2000,414295.94684
JPN,Japan,2001,432635.50957
JPN,Japan,2002,413384.30632
JPN,Japan,2003,331374.67719
JPN,Japan,2004,378758.86206
JPN,Japan,2005,446708.81269
JPN,Japan,2006,488634.38726
JPN,Japan,2007,492718.56673
JPN,Japan,2008,562921.32126
JPN,Japan,2009,581770.65733
JPN,Japan,2010,628081.32554
JPN,Japan,2011,711297.85885
JPN,Japan,2012,680016.294
JPN,Japan,2013,862452.98033
JPN,Japan,2014,755741.09588
JPN,Japan,2015,815094.88618
KOR,Republic of Korea,1996,18614.19265
KOR,Republic of Korea,1997,15739.56862
KOR,Republic of Korea,1998,10871.12368
KOR,Republic of Korea,1999,9725.88207
KOR,Republic of Korea,2000,11034.07678
KOR,Republic of Korea,2001,99995.93675
KOR,Republic of Korea,2002,99090.40704
KOR,Republic of Korea,2003,99547.90597
KOR,Republic of Korea,2004,136559.63669
KOR,Republic of Korea,2005,217300.82982
KOR,Republic of Korea,2006,106541.35684
KOR,Republic of Korea,2007,90503.43114
KOR,Republic of Korea,2008,135063.20257
KOR,Republic of Korea,2009,94958.70719
KOR,Republic of Korea,2010,113001.59514
KOR,Republic of Korea,2011,130856.87719
KOR,Republic of Korea,2012,222536.31341
KOR,Republic of Korea,2013,207537.11562
KOR,Republic of Korea,2014,517916.21603
KOR,Republic of Korea,2015,557941.9053
MEX,Mexico,1996,72262.76848
MEX,Mexico,1997,63909.49203
MEX,Mexico,1998,219754.9422
MEX,Mexico,1999,187037.0469
MEX,Mexico,2000,30999.71199
MEX,Mexico,2001,46059.62596
MEX,Mexico,2002,32087.2326
MEX,Mexico,2003,33273.73693
MEX,Mexico,2004,134608.61828
MEX,Mexico,2005,57850.2853
MEX,Mexico,2006,89379.65983
MEX,Mexico,2007,78546.47851
MEX,Mexico,2008,118682.1343
MEX,Mexico,2009,122719.9467
MEX,Mexico,2010,43208.48142
MEX,Mexico,2011,55798.81071
MEX,Mexico,2012,35493.36609
MEX,Mexico,2013,40193.281
MEX,Mexico,2014,43562.68712
MEX,Mexico,2015,45626.19239
NLD,Netherlands,1996,532762.63681
NLD,Netherlands,1997,955075.3308
NLD,Netherlands,1998,795595.23731
NLD,Netherlands,1999,931200.39896
NLD,Netherlands,2001,982678.49131
NLD,Netherlands,2003,1024192.0862
NLD,Netherlands,2005,1307489.69781
NLD,Netherlands,2007,1279357.3029
NLD,Netherlands,2009,1332463.12122
NLD,Netherlands,2011,1657052.98033
NLD,Netherlands,2012,1900647.49493
NLD,Netherlands,2013,1945131.01217
NLD,Netherlands,2014,2095039.51245
NLD,Netherlands,2015,2560237.598
NZL,New Zealand,1997,39869.29052
NZL,New Zealand,1999,32474.59328
NZL,New Zealand,2001,64261.98805
NZL,New Zealand,2003,79073.66273
NZL,New Zealand,2005,61889.25081
NZL,New Zealand,2007,68425.17143
NZL,New Zealand,2009,86358.36955
NZL,New Zealand,2011,111715.67687
NZL,New Zealand,2013,134196.6188
NOR,Norway,1997,129627.24527
NOR,Norway,1999,138888.00622
NOR,Norway,2001,189877.96806
NOR,Norway,2003,219303.79462
NOR,Norway,2005,264302.72984
NOR,Norway,2007,347898.39599
NOR,Norway,2009,378528.23575
NOR,Norway,2011,389541.21313
NOR,Norway,2013,532634.53456
POL,Poland,1996,29427.98794
POL,Poland,1997,36124.66245
POL,Poland,1998,36276.67331
POL,Poland,1999,43909.72667
POL,Poland,2000,47537.9745
POL,Poland,2001,64661.13473
POL,Poland,2002,121236.02966
POL,Poland,2003,116906.43002
POL,Poland,2004,145212.49483
POL,Poland,2005,171450.4483
POL,Poland,2006,223949.6486
POL,Poland,2007,241481.35859
POL,Poland,2008,226680.19366
POL,Poland,2009,267078.9088
POL,Poland,2010,683328.55947
POL,Poland,2011,868757.161
POL,Poland,2012,1066659.68885
POL,Poland,2013,1074780.18442
POL,Poland,2014,1228858.11799
POL,Poland,2015,1715779.17642
PRT,Portugal,1996,71609.22445
PRT,Portugal,1997,55098.14464
PRT,Portugal,1998,60001.94688
PRT,Portugal,1999,65913.1572
PRT,Portugal,2000,72670.59995
PRT,Portugal,2001,78602.94634
PRT,Portugal,2002,77053.21234
PRT,Portugal,2003,76005.84569
PRT,Portugal,2004,79416.22245
PRT,Portugal,2005,84978.9013
PRT,Portugal,2006,127775.38364
PRT,Portugal,2007,165539.08006
PRT,Portugal,2008,121261.09019
PRT,Portugal,2009,181039.32584
PRT,Portugal,2010,141439.29772
PRT,Portugal,2011,248496.58874
PRT,Portugal,2012,198274.52354
PRT,Portugal,2013,237072.09988
PRT,Portugal,2014,217120.41223
SVK,Slovakia,1996,13540.32997
SVK,Slovakia,1997,10603.86575
SVK,Slovakia,1998,12166.08115
SVK,Slovakia,1999,8391.88845
SVK,Slovakia,2000,8928.41593
SVK,Slovakia,2001,7872.82185
SVK,Slovakia,2002,8337.20025
SVK,Slovakia,2003,14251.8207
SVK,Slovakia,2004,17578.69232
SVK,Slovakia,2005,26627.59091
SVK,Slovakia,2006,43660.29139
SVK,Slovakia,2007,52187.94803
SVK,Slovakia,2008,72364.77309
SVK,Slovakia,2009,75188.7146
SVK,Slovakia,2010,121846.04824
SVK,Slovakia,2011,130971.72827
SVK,Slovakia,2012,216324.90457
SVK,Slovakia,2013,223667.15578
SVK,Slovakia,2014,328609.02723
SVK,Slovakia,2015,754378.54477
ESP,Spain,1996,296400.88004
ESP,Spain,1997,375896.25839
ESP,Spain,1998,435497.09346
ESP,Spain,1999,379724.30027
ESP,Spain,2000,376808.97104
ESP,Spain,2001,640928.50486
ESP,Spain,2002,661560.09872
ESP,Spain,2003,619321.6874
ESP,Spain,2004,719212.2728
ESP,Spain,2005,761185.0689
ESP,Spain,2006,952585.63323
ESP,Spain,2007,1275578.60176
ESP,Spain,2008,1154631.32111
ESP,Spain,2009,1108898.17344
ESP,Spain,2010,1153060.99948
ESP,Spain,2011,1326770.09336
ESP,Spain,2012,1280885.95865
ESP,Spain,2013,1420794.70061
ESP,Spain,2014,1434676.32221
CHE,Switzerland,1996,164120.33091
CHE,Switzerland,2000,256980.94319
CHE,Switzerland,2004,404809.73056
CHE,Switzerland,2008,649677.27114
CHE,Switzerland,2012,1650576.92649
TUR,Turkey,1996,193.52966
TUR,Turkey,1997,46417.61415
TUR,Turkey,1998,7053.99016
TUR,Turkey,1999,119497.11144
TUR,Turkey,2000,34910.29353
TUR,Turkey,2001,25925.96171
TUR,Turkey,2002,40397.39468
TUR,Turkey,2003,46495.35467
TUR,Turkey,2004,13524.58241
TUR,Turkey,2005,36172.29559
TUR,Turkey,2006,24548.9465
TUR,Turkey,2007,36354.4438
TUR,Turkey,2008,102800.12728
TUR,Turkey,2009,100830.19837
TUR,Turkey,2010,83516.67253
TUR,Turkey,2011,79253.67635
TUR,Turkey,2012,75827.37171
TUR,Turkey,2013,114970.44403
TUR,Turkey,2014,165938.62866
GBR,United Kingdom of Great Britain and Northern Ireland,1996,3266894.20178
GBR,United Kingdom of Great Britain and Northern Ireland,1997,3011106.23892
GBR,United Kingdom of Great Britain and Northern Ireland,1998,3617927.86274
GBR,United Kingdom of Great Britain and Northern Ireland,1999,4034891.61898
GBR,United Kingdom of Great Britain and Northern Ireland,2000,4014001.70483
GBR,United Kingdom of Great Britain and Northern Ireland,2001,5206393.74598
GBR,United Kingdom of Great Britain and Northern Ireland,2002,5997735.82827
GBR,United Kingdom of Great Britain and Northern Ireland,2003,5795252.12756
GBR,United Kingdom of Great Britain and Northern Ireland,2004,5047239.74534
GBR,United Kingdom of Great Britain and Northern Ireland,2005,5904731.21835
GBR,United Kingdom of Great Britain and Northern Ireland,2006,5674430.61954
GBR,United Kingdom of Great Britain and Northern Ireland,2007,6081701.99225
GBR,United Kingdom of Great Britain and Northern Ireland,2008,6484682.0039
GBR,United Kingdom of Great Britain and Northern Ireland,2009,6068079.23824
GBR,United Kingdom of Great Britain and Northern Ireland,2010,6628489.57977
GBR,United Kingdom of Great Britain and Northern Ireland,2011,6888586.1098
GBR,United Kingdom of Great Britain and Northern Ireland,2012,7636887.60807
GBR,United Kingdom of Great Britain and Northern Ireland,2013,7763669.34439
GBR,United Kingdom of Great Britain and Northern Ireland,2014,7752356.79389
GBR,United Kingdom of Great Britain and Northern Ireland,2015,8143316.31963
USA,United States of America,2009,11591000
USA,United States of America,2010,15296000
USA,United States of America,2011,16305000
USA,United States of America,2012,17734000
USA,United States of America,2013,20350000
USA,United States of America,2014,24061000
USA,United States of America,2015,23487000
ARG,Argentina,1997,60454.74394
ARG,Argentina,1998,53626.19016
ARG,Argentina,1999,50284.65633
ARG,Argentina,2000,31157.52376
ARG,Argentina,2001,22012.11776
ARG,Argentina,2002,17712.18897
ARG,Argentina,2003,24337.44651
ARG,Argentina,2004,19446.12966
ARG,Argentina,2005,15440.16911
ARG,Argentina,2006,21613.67209
ARG,Argentina,2007,20046.63568
ARG,Argentina,2008,20066.0546
ARM,Armenia,1997,216.8487
ARM,Armenia,1998,530.45005
ARM,Armenia,1999,924.1881
ARM,Armenia,2001,323.45915
ARM,Armenia,2002,2593.47814
ARM,Armenia,2003,2986.43143
ARM,Armenia,2004,2351.88222
ARM,Armenia,2005,1732.6266
ARM,Armenia,2006,4047.94935
ARM,Armenia,2007,4614.39583
ARM,Armenia,2008,843.30396
ARM,Armenia,2009,2079.73934
ARM,Armenia,2010,5314.611
ARM,Armenia,2011,1827.94559
ARM,Armenia,2013,1435.9838
ARM,Armenia,2014,3011.03796
ARM,Armenia,2015,1448.45995
AZE,Azerbaijan,2001,
AZE,Azerbaijan,2002,49.75244
AZE,Azerbaijan,2003,
AZE,Azerbaijan,2004,1843.37836
AZE,Azerbaijan,2005,3218.43204
AZE,Azerbaijan,2006,57.39384
AZE,Azerbaijan,2007,187.25975
AZE,Azerbaijan,2008,224.46787
AZE,Azerbaijan,2009,245.28067
AZE,Azerbaijan,2010,69.64084
AZE,Azerbaijan,2011,
AZE,Azerbaijan,2012,278.5703
AZE,Azerbaijan,2013,560.41623
AZE,Azerbaijan,2014,569.33312
AZE,Azerbaijan,2015,
BLR,Belarus,1997,12844.55632
BLR,Belarus,1998,21815.4147
BLR,Belarus,1999,117181.79051
BLR,Belarus,2000,52193.84405
BLR,Belarus,2001,39762.19019
BLR,Belarus,2002,41281.0055
BLR,Belarus,2003,32914.43548
BLR,Belarus,2004,39524.77071
BLR,Belarus,2005,39617.43979
BLR,Belarus,2006,47859.4062
BLR,Belarus,2007,59702.36497
BLR,Belarus,2008,54272.14313
BLR,Belarus,2009,73059.58156
BLR,Belarus,2010,137458.33031
BLR,Belarus,2011,96357.51773
BLR,Belarus,2012,103333.63423
BLR,Belarus,2013,89603.10145
BLR,Belarus,2014,112342.17386
BLR,Belarus,2015,110683.03714
BRN,Brunei Darussalam,2002,
BRN,Brunei Darussalam,2003,304.6134
BRN,Brunei Darussalam,2004,
BGR,Bulgaria,1996,601.57122
BGR,Bulgaria,1997,12652.35654
BGR,Bulgaria,1998,9453.47326
BGR,Bulgaria,1999,10415.78875
BGR,Bulgaria,2000,13787.08701
BGR,Bulgaria,2001,14251.80024
BGR,Bulgaria,2002,14139.61294
BGR,Bulgaria,2003,17806.08148
BGR,Bulgaria,2004,18266.14804
BGR,Bulgaria,2005,26476.07776
BGR,Bulgaria,2006,24882.22237
BGR,Bulgaria,2007,31590.16424
BGR,Bulgaria,2008,32900.43497
BGR,Bulgaria,2009,43712.17835
BGR,Bulgaria,2010,247061.69723
BGR,Bulgaria,2011,269167.17331
BGR,Bulgaria,2012,331438.13795
BGR,Bulgaria,2013,370671.71708
BGR,Bulgaria,2014,508553.21495
COL,Colombia,2006,20572.5213
COL,Colombia,2007,22162.91773
COL,Colombia,2008,28327.9561
COL,Colombia,2009,31092.51561
COL,Colombia,2010,30933.65026
COL,Colombia,2011,25001.23803
COL,Colombia,2012,36477.31339
COL,Colombia,2013,45413.70246
COL,Colombia,2014,37652.58886
COL,Colombia,2015,39097.20902
CRI,Costa Rica,2008,14042.39284
CRI,Costa Rica,2009,4712.14969
CRI,Costa Rica,2012,28905.39272
CRI,Costa Rica,2013,27794.94014
CRI,Costa Rica,2014,5844.14578
HRV,Croatia,1999,3008.81102
HRV,Croatia,2000,26315.01795
HRV,Croatia,2001,4897.28251
HRV,Croatia,2002,7991.01794
HRV,Croatia,2003,12034.05285
HRV,Croatia,2004,16463.43056
HRV,Croatia,2005,14657.37046
HRV,Croatia,2006,38049.92593
HRV,Croatia,2007,72130.04354
HRV,Croatia,2008,62364.2316
HRV,Croatia,2009,50644.98762
HRV,Croatia,2010,62319.03186
HRV,Croatia,2011,77670.79787
HRV,Croatia,2012,97312.36092
HRV,Croatia,2013,116619.14711
HRV,Croatia,2014,94570.13173
HRV,Croatia,2015,116973.07748
CYP,Cyprus,1998,2088.54966
CYP,Cyprus,1999,2251.82864
CYP,Cyprus,2000,3142.61968
CYP,Cyprus,2001,4816.09134
CYP,Cyprus,2002,7058.33433
CYP,Cyprus,2003,7704.19597
CYP,Cyprus,2004,7308.67124
CYP,Cyprus,2005,8228.07122
CYP,Cyprus,2006,10463.77544
CYP,Cyprus,2007,14661.00117
CYP,Cyprus,2008,15491.0911
CYP,Cyprus,2009,14696.63899
CYP,Cyprus,2010,18460.49711
CYP,Cyprus,2011,17903.81845
CYP,Cyprus,2012,20609.7729
CYP,Cyprus,2013,23897.13902
CYP,Cyprus,2014,29428.1943
ECU,Ecuador,1996,9824.40998
ECU,Ecuador,1997,8634.16645
ECU,Ecuador,1998,4303.61908
ECU,Ecuador,2006,6051.18042
ECU,Ecuador,2007,10950.70197
ECU,Ecuador,2008,1460.68318
ECU,Ecuador,2009,50508.25161
ECU,Ecuador,2010,29413.85776
ECU,Ecuador,2011,22862.83862
ECU,Ecuador,2012,12264.02707
ECU,Ecuador,2013,15227.35309
ECU,Ecuador,2014,19821.93154
SLV,El Salvador,1998,5071.07668
SLV,El Salvador,2007,2813.43653
SLV,El Salvador,2008,2234.3316
SLV,El Salvador,2009,3743.75475
SLV,El Salvador,2010,2470.25446
SLV,El Salvador,2011,2757.24276
SLV,El Salvador,2012,1332.7843
SLV,El Salvador,2013,4665.34121
SLV,El Salvador,2014,7278.79936
EST,Estonia,1998,4106.72907
EST,Estonia,1999,6966.85499
EST,Estonia,2000,10025.23358
EST,Estonia,2001,12566.46914
EST,Estonia,2002,16364.17855
EST,Estonia,2003,20894.84723
EST,Estonia,2004,28477.97468
EST,Estonia,2005,35249.38013
EST,Estonia,2006,47164.08973
EST,Estonia,2007,36730.97411
EST,Estonia,2008,35739.51253
EST,Estonia,2009,43300.38626
EST,Estonia,2010,52119.83199
EST,Estonia,2011,89116.49726
EST,Estonia,2012,72887.53951
EST,Estonia,2013,64618.96879
EST,Estonia,2014,67895.02795
EST,Estonia,2015,69423.35375
ETH,Ethiopia,2005,27585.94158
ETH,Ethiopia,2007,30173.31167
ETH,Ethiopia,2010,66726.56099
ETH,Ethiopia,2013,16924.62043
GTM,Guatemala,2006,15580.70226
GTM,Guatemala,2007,30389.58015
GTM,Guatemala,2008,27356.68586
GTM,Guatemala,2009,24400.24196
GTM,Guatemala,2010,21265.60429
GTM,Guatemala,2011,25785.46064
GTM,Guatemala,2012,23513.19203
HKG,"China, Hong Kong Special Administrative Region",2000,4138.27859
HKG,"China, Hong Kong Special Administrative Region",2001,11653.95457
HKG,"China, Hong Kong Special Administrative Region",2002,19028.74507
HKG,"China, Hong Kong Special Administrative Region",2003,28547.555
HKG,"China, Hong Kong Special Administrative Region",2004,82652.74612
HKG,"China, Hong Kong Special Administrative Region",2005,47326.25616
HKG,"China, Hong Kong Special Administrative Region",2006,84494.49449
HKG,"China, Hong Kong Special Administrative Region",2007,102401.36474
HKG,"China, Hong Kong Special Administrative Region",2008,146208.60977
HKG,"China, Hong Kong Special Administrative Region",2009,144366.04722
HKG,"China, Hong Kong Special Administrative Region",2010,122157.11155
HKG,"China, Hong Kong Special Administrative Region",2012,124151.08709
HKG,"China, Hong Kong Special Administrative Region",2013,190629.85386
HKG,"China, Hong Kong Special Administrative Region",2014,208632.71402
ISR,Israel,1996,619911.73167
ISR,Israel,1997,724731.50431
ISR,Israel,1998,786704.50925
ISR,Israel,1999,979315.71308
ISR,Israel,2000,1375651.07477
ISR,Israel,2001,1566413.66058
ISR,Israel,2002,1628711.4359
ISR,Israel,2003,1458600.74898
ISR,Israel,2004,1607648.34846
ISR,Israel,2005,1720960.02703
ISR,Israel,2006,1967816.35421
ISR,Israel,2007,2426108.43399
ISR,Israel,2008,2698460.51606
ISR,Israel,2009,3972744.96916
ISR,Israel,2010,4099827.93841
ISR,Israel,2011,4536774.45261
ISR,Israel,2012,4767608.89912
ISR,Israel,2013,5636231.54291
KAZ,Kazakhstan,1997,1997.68175
KAZ,Kazakhstan,1998,2067.37601
KAZ,Kazakhstan,1999,4501.1832
KAZ,Kazakhstan,2000,4800.36996
KAZ,Kazakhstan,2001,8253.82661
KAZ,Kazakhstan,2003,23989.68511
KAZ,Kazakhstan,2004,11155.32728
KAZ,Kazakhstan,2005,9429.61291
KAZ,Kazakhstan,2006,6106.80797
KAZ,Kazakhstan,2007,9609.85916
KAZ,Kazakhstan,2008,6005.15139
KAZ,Kazakhstan,2010,2841.73221
KAZ,Kazakhstan,2011,1483.08549
KAZ,Kazakhstan,2013,5245.93352
KEN,Kenya,2007,53787.6697
KEN,Kenya,2010,371560.60425
KGZ,Kyrgyzstan,1997,1120.35197
KGZ,Kyrgyzstan,1998,2388.00335
KGZ,Kyrgyzstan,1999,2268.07091
KGZ,Kyrgyzstan,2000,4116.10733
KGZ,Kyrgyzstan,2001,2560.07159
KGZ,Kyrgyzstan,2002,210.36619
KGZ,Kyrgyzstan,2003,229.28702
KGZ,Kyrgyzstan,2004,156.89916
KGZ,Kyrgyzstan,2005,3.23938
KGZ,Kyrgyzstan,2011,219.63508
KGZ,Kyrgyzstan,2013,914.73267
KGZ,Kyrgyzstan,2014,233.27241
KGZ,Kyrgyzstan,2015,248.53305
LVA,Latvia,1996,13561.49513
LVA,Latvia,1997,15554.15518
LVA,Latvia,1998,15900.41789
LVA,Latvia,1999,13454.183
LVA,Latvia,2000,24038.7259
LVA,Latvia,2001,27088.6362
LVA,Latvia,2002,33863.0819
LVA,Latvia,2003,18488.38763
LVA,Latvia,2004,24936.48682
LVA,Latvia,2005,30317.39123
LVA,Latvia,2006,17163.60352
LVA,Latvia,2007,28126.7954
LVA,Latvia,2008,56861.21005
LVA,Latvia,2009,25149.38118
LVA,Latvia,2010,75226.83293
LVA,Latvia,2011,144712.74523
LVA,Latvia,2012,144707.4908
LVA,Latvia,2013,144340.79381
LVA,Latvia,2014,145232.08452
LVA,Latvia,2015,138524.54322
LTU,Lithuania,2000,11617.02096
LTU,Lithuania,2001,14558.51596
LTU,Lithuania,2002,16796.97821
LTU,Lithuania,2003,37807.92181
LTU,Lithuania,2004,35248.06682
LTU,Lithuania,2005,37935.22504
LTU,Lithuania,2006,61172.50762
LTU,Lithuania,2007,96757.6642
LTU,Lithuania,2008,81099.21068
LTU,Lithuania,2009,62024.24037
LTU,Lithuania,2010,97348.07836
LTU,Lithuania,2011,177648.48307
LTU,Lithuania,2012,218691.66874
LTU,Lithuania,2013,278474.40151
LTU,Lithuania,2014,288001.14
LTU,Lithuania,2015,301353.94011
MKD,The former Yugoslav Republic of Macedonia,1997,1355.6103
MKD,The former Yugoslav Republic of Macedonia,1998,1485.97112
MKD,The former Yugoslav Republic of Macedonia,1999,2212.7026
MKD,The former Yugoslav Republic of Macedonia,2000,3634.95489
MKD,The former Yugoslav Republic of Macedonia,2001,3414.37682
MKD,The former Yugoslav Republic of Macedonia,2002,2703.30379
MKD,The former Yugoslav Republic of Macedonia,2015,6795.29932
MDG,Madagascar,2001,11143.58372
MDG,Madagascar,2002,7246.06503
MDG,Madagascar,2003,25097.32767
MDG,Madagascar,2004,7318.11735
MDG,Madagascar,2005,4079.32012
MDG,Madagascar,2006,7734.94691
MDG,Madagascar,2007,3142.83997
MDG,Madagascar,2008,4411.97562
MDG,Madagascar,2009,4397.01126
MLT,Malta,2002,4203.92577
MLT,Malta,2005,12779.139
MLT,Malta,2006,15010.11215
MLT,Malta,2007,12434.91209
MLT,Malta,2008,9134.73581
MLT,Malta,2009,10260.99417
MLT,Malta,2010,8664.41401
MLT,Malta,2011,14780.13807
MLT,Malta,2012,22372.58535
MLT,Malta,2013,23875.37966
MLT,Malta,2014,21809.16755
MLT,Malta,2015,24021.12343
MDA,Republic of Moldova,1997,345.22173
MDA,Republic of Moldova,2003,532.2474
MDA,Republic of Moldova,2004,297.90321
MDA,Republic of Moldova,2005,1602.90181
MDA,Republic of Moldova,2006,1226.6694
MDA,Republic of Moldova,2007,1765.5449
MDA,Republic of Moldova,2008,2661.90452
MDA,Republic of Moldova,2009,4291.91314
MDA,Republic of Moldova,2010,4423.96066
MDA,Republic of Moldova,2011,5636.90629
MDA,Republic of Moldova,2013,6989.31417
MDA,Republic of Moldova,2014,8455.61308
MDA,Republic of Moldova,2015,7711.33691
MNG,Mongolia,2003,244.68595
MNG,Mongolia,2004,748.87789
MNG,Mongolia,2005,1424.09784
MNG,Mongolia,2006,508.67561
MNG,Mongolia,2007,588.06831
MNG,Mongolia,2008,1110.2626
MNG,Mongolia,2009,836.45693
MNG,Mongolia,2010,2122.5663
MNG,Mongolia,2011,2178.81564
MNG,Mongolia,2013,3621.97676
MNG,Mongolia,2014,2224.11509
MNG,Mongolia,2015,
MAR,Morocco,2006,26046.89943
MAR,Morocco,2010,25393.42884
PAK,Pakistan,2005,8377.20492
PAK,Pakistan,2007,38945.36089
PAK,Pakistan,2009,28709.81984
PAK,Pakistan,2011,22202.74378
PAK,Pakistan,2013,32103.70164
PAK,Pakistan,2015,61780.20223
PAN,Panama,1996,31918.52626
PAN,Panama,1997,33104.41664
PAN,Panama,1998,34588.6107
PAN,Panama,1999,29984.95121
PAN,Panama,2000,59025.37464
PAN,Panama,2001,51918.56405
PAN,Panama,2002,65686.12318
PAN,Panama,2003,65692.55007
PAN,Panama,2004,43098.8465
PAN,Panama,2005,48126.69042
PAN,Panama,2006,45211.38415
PAN,Panama,2007,41745.17501
PAN,Panama,2008,47102.98787
PAN,Panama,2009,17279.56546
PAN,Panama,2010,18401.09729
PAN,Panama,2011,22739.60622
PAN,Panama,2012,117.07806
PAN,Panama,2013,121.47766
PRY,Paraguay,2001,6305.14885
PRY,Paraguay,2002,4903.39796
PRY,Paraguay,2003,4383.8106
PRY,Paraguay,2004,4758.12395
PRY,Paraguay,2005,3349.49232
PRY,Paraguay,2008,2684.11088
PRY,Paraguay,2011,4515.50204
PRY,Paraguay,2012,3230.68329
PRY,Paraguay,2014,9947.4979
PRY,Paraguay,2015,8158.90685
ROU,Romania,1996,23286.28182
ROU,Romania,1997,21119.78071
ROU,Romania,1998,10718.49573
ROU,Romania,1999,12298.9394
ROU,Romania,2000,23518.73616
ROU,Romania,2001,46413.6594
ROU,Romania,2002,41361.47329
ROU,Romania,2003,35290.50312
ROU,Romania,2004,41263.77148
ROU,Romania,2005,44381.61312
ROU,Romania,2006,45649.83089
ROU,Romania,2007,66363.87042
ROU,Romania,2008,75531.1868
ROU,Romania,2009,125570.75142
ROU,Romania,2010,174952.27803
ROU,Romania,2011,216933.962
ROU,Romania,2012,265355.93977
ROU,Romania,2013,238127.71347
ROU,Romania,2014,269226.88771
ROU,Romania,2015,411144.98958
RUS,Russian Federation,1996,440384.16138
RUS,Russian Federation,1997,650583.89752
RUS,Russian Federation,1998,789031.44815
RUS,Russian Federation,1999,1463339.59186
RUS,Russian Federation,2000,1256260.48436
RUS,Russian Federation,2001,1090959.24734
RUS,Russian Federation,2002,1171132.2926
RUS,Russian Federation,2003,1547269.48718
RUS,Russian Federation,2004,1285839.19111
RUS,Russian Federation,2005,1376242.12565
RUS,Russian Federation,2006,2156210.62461
RUS,Russian Federation,2007,1916146.8542
RUS,Russian Federation,2008,1786657.12399
RUS,Russian Federation,2009,2240206.27513
RUS,Russian Federation,2010,1174035.90896
RUS,Russian Federation,2011,1507329.93988
RUS,Russian Federation,2012,1503237.37702
RUS,Russian Federation,2013,1110782.30874
RUS,Russian Federation,2014,986895.77715
RUS,Russian Federation,2015,1072650.16316
SGP,Singapore,1996,47046.67567
SGP,Singapore,1997,112269.46041
SGP,Singapore,1998,88033.95778
SGP,Singapore,1999,102701.0958
SGP,Singapore,2000,120943.70168
SGP,Singapore,2001,223904.55012
SGP,Singapore,2002,262793.84885
SGP,Singapore,2003,237235.89229
SGP,Singapore,2004,258648.34192
SGP,Singapore,2005,221751.16288
SGP,Singapore,2006,246468.33317
SGP,Singapore,2007,298631.63794
SGP,Singapore,2008,425649.61874
SGP,Singapore,2009,394227.98558
SGP,Singapore,2010,351139.90549
SGP,Singapore,2011,418179.19406
SGP,Singapore,2012,485456.08271
SGP,Singapore,2013,512531.73213
SGP,Singapore,2014,689240.77858
SVN,Slovenia,1996,9685.66054
SVN,Slovenia,1997,31180.27397
SVN,Slovenia,1998,27888.2565
SVN,Slovenia,1999,25508.05694
SVN,Slovenia,2000,30236.60542
SVN,Slovenia,2001,39862.33508
SVN,Slovenia,2002,21389.16415
SVN,Slovenia,2003,51853.34891
SVN,Slovenia,2004,69087.46385
SVN,Slovenia,2005,49139.94444
SVN,Slovenia,2006,46050.10771
SVN,Slovenia,2007,45652.64574
SVN,Slovenia,2008,54402.96376
SVN,Slovenia,2009,61526.36257
SVN,Slovenia,2010,70420.27893
SVN,Slovenia,2011,100621.82477
SVN,Slovenia,2012,131001.84083
SVN,Slovenia,2013,141267.45712
SVN,Slovenia,2014,141323.36336
SVN,Slovenia,2015,154149.75115
LKA,Sri Lanka,1996,28089.64987
LKA,Sri Lanka,2000,5379.33208
LKA,Sri Lanka,2004,42317.68627
LKA,Sri Lanka,2006,10497.45449
LKA,Sri Lanka,2008,7233.71666
LKA,Sri Lanka,2010,6293.54646
LKA,Sri Lanka,2013,11055.11625
TUN,Tunisia,2002,24276.82409
TUN,Tunisia,2003,28951.69026
TUN,Tunisia,2004,34528.2589
TUN,Tunisia,2005,35931.69578
TUN,Tunisia,2006,35667.02108
TUN,Tunisia,2007,37747.96188
TUN,Tunisia,2008,36191.58191
TUN,Tunisia,2009,37162.57253
TUN,Tunisia,2010,36047.63464
TUN,Tunisia,2011,35501.597
TUN,Tunisia,2012,34617.0336
TUN,Tunisia,2014,33102.0842
TUN,Tunisia,2015,32116.6346
UGA,Uganda,2002,56358.9161
UGA,Uganda,2003,45355.537
UGA,Uganda,2004,55144.57477
UGA,Uganda,2005,38570.06214
UGA,Uganda,2006,53950.36403
UGA,Uganda,2007,78896.87242
UGA,Uganda,2008,62668.82945
UGA,Uganda,2009,44006.0475
UGA,Uganda,2010,139267.82974
UKR,Ukraine,2001,487889.49134
UKR,Ukraine,2002,582452.92249
UKR,Ukraine,2003,673213.41861
UKR,Ukraine,2004,662637.4638
UKR,Ukraine,2005,763858.72324
UKR,Ukraine,2006,618299.22463
UKR,Ukraine,2007,505610.98031
UKR,Ukraine,2008,514075.98673
UKR,Ukraine,2009,636422.41583
UKR,Ukraine,2010,754516.79655
UKR,Ukraine,2011,721571.48719
UKR,Ukraine,2013,646096.82598
UKR,Ukraine,2014,480723.23035
UKR,Ukraine,2015,381887.44035
URY,Uruguay,1996,7965.14221
URY,Uruguay,1997,2652.94427
URY,Uruguay,1998,1914.48143
URY,Uruguay,1999,5976.62144
URY,Uruguay,2000,3390.06802
URY,Uruguay,2002,3495.78681
URY,Uruguay,2006,481.23009
URY,Uruguay,2008,7972.90663
URY,Uruguay,2009,3912.61874
URY,Uruguay,2010,3223.30097
URY,Uruguay,2011,13796.13738
URY,Uruguay,2012,16015.23359
URY,Uruguay,2013,11742.79927
URY,Uruguay,2014,17688.7791
MAC,"China, Macao Special Administrative Region",2005,
MAC,"China, Macao Special Administrative Region",2006,
MAC,"China, Macao Special Administrative Region",2007,128.41824
MAC,"China, Macao Special Administrative Region",2008,
MAC,"China, Macao Special Administrative Region",2013,
MAC,"China, Macao Special Administrative Region",2014,
MAC,"China, Macao Special Administrative Region",2015,
DNK,Denmark,1996,207795.33009
DNK,Denmark,1997,159650.9456
DNK,Denmark,1999,161928.40555
DNK,Denmark,2001,285519.3472
DNK,Denmark,2003,428883.13182
DNK,Denmark,2005,446005.91077
DNK,Denmark,2007,510598.21008
DNK,Denmark,2009,586467.76622
DNK,Denmark,2010,504685.62173
DNK,Denmark,2011,517519.74019
DNK,Denmark,2012,535289.15926
DNK,Denmark,2013,522957.71865
DNK,Denmark,2014,537938.01354
DNK,Denmark,2015,537787.6573
LUX,Luxembourg,2000,6273.15841
LUX,Luxembourg,2003,36548.42096
LUX,Luxembourg,2005,17752.17332
LUX,Luxembourg,2007,36307.63295
LUX,Luxembourg,2009,36944.31078
LUX,Luxembourg,2010,134854.95592
LUX,Luxembourg,2011,135791.77526
LUX,Luxembourg,2012,213223.56885
LUX,Luxembourg,2013,219025.20557
SWE,Sweden,1997,249052.61327
SWE,Sweden,1999,291599.95272
SWE,Sweden,2001,346079.71797
SWE,Sweden,2003,739596.8397
SWE,Sweden,2005,842794.24111
SWE,Sweden,2007,1158022.00073
SWE,Sweden,2009,1309905.94626
SWE,Sweden,2011,1477491.85271
SWE,Sweden,2013,973699.85923
ALB,Albania,2007,2273.15668
ALB,Albania,2008,2753.51278
BOL,Bolivia (Plurinational State of),1996,7834.45769
BOL,Bolivia (Plurinational State of),1997,8114.83852
BOL,Bolivia (Plurinational State of),1998,8047.43686
BOL,Bolivia (Plurinational State of),1999,8300.11451
BOL,Bolivia (Plurinational State of),2000,7545.04175
BOL,Bolivia (Plurinational State of),2001,9795.83259
BOL,Bolivia (Plurinational State of),2002,12224.31505
BOL,Bolivia (Plurinational State of),2009,1454.40429
BFA,Burkina Faso,2007,4815.75532
BFA,Burkina Faso,2008,15525.97089
BFA,Burkina Faso,2009,23641.08371
KHM,Cambodia,2002,2247.39578
KHM,Cambodia,2015,22458.38958
CHL,Chile,2007,35970.33054
CHL,Chile,2008,34263.88909
CHL,Chile,2009,183581.65168
CHL,Chile,2010,203823.31196
CHL,Chile,2011,262009.18946
CHL,Chile,2012,237697.92323
CHL,Chile,2013,231863.55325
CHL,Chile,2014,211905.33963
CHL,Chile,2015,208300.35547
CHN,China,2000,888629.71991
CHN,China,2003,1112682.25526
CHN,China,2004,899465.05887
CHN,China,2005,804213.72677
CHN,China,2006,1703069.58618
CHN,China,2007,1672863.55708
CHN,China,2008,1810232.16789
CHN,China,2009,2494261.91995
CHN,China,2010,2785243.37097
CHN,China,2011,3314651.44754
CHN,China,2012,2848662.43085
CHN,China,2013,2985642.84335
CHN,China,2014,3062280.96319
CHN,China,2015,3039929.39741
GAB,Gabon,2007,3839.17407
GAB,Gabon,2008,3746.21415
GAB,Gabon,2009,4071.96732
GHA,Ghana,2007,15830.96198
GHA,Ghana,2010,86366.67611
KWT,Kuwait,2003,1856.67997
KWT,Kuwait,2004,1685.0387
KWT,Kuwait,2008,733.37495
KWT,Kuwait,2009,2947.46312
KWT,Kuwait,2013,
LAO,Lao People's Democratic Republic,2002,2309.5527
MYS,Malaysia,1998,36692.20479
MYS,Malaysia,2002,247479.83991
MYS,Malaysia,2004,8646.77144
MYS,Malaysia,2006,5495.25771
MYS,Malaysia,2008,4685.78256
MYS,Malaysia,2009,12577.3462
MYS,Malaysia,2010,21444.87074
MYS,Malaysia,2011,19804.3989
MYS,Malaysia,2012,336859.48514
MYS,Malaysia,2014,16356.41305
MYS,Malaysia,2015,178810.82612
MLI,Mali,2007,24649.19747
MLI,Mali,2010,14214.3652
MOZ,Mozambique,2002,28151.34269
MOZ,Mozambique,2008,18515.52953
MOZ,Mozambique,2010,71907.09449
MOZ,Mozambique,2015,44871.28323
NGA,Nigeria,2007,14230.44735
PHL,Philippines,2002,21974.03957
PHL,Philippines,2003,15420.62214
PHL,Philippines,2005,19494.90108
PHL,Philippines,2007,19696.64112
PHL,Philippines,2009,22473.27669
PHL,Philippines,2011,43706.73233
PHL,Philippines,2013,16292.35308
SEN,Senegal,2008,35770.35894
SEN,Senegal,2010,60582.26402
ZAF,South Africa,2001,158587.57729
ZAF,South Africa,2003,331923.7847
ZAF,South Africa,2004,535435.32745
ZAF,South Africa,2005,548428.0989
ZAF,South Africa,2006,484546.70476
ZAF,South Africa,2007,519844.44062
ZAF,South Africa,2008,586966.83758
ZAF,South Africa,2009,583129.73008
ZAF,South Africa,2010,534575.86983
ZAF,South Africa,2011,697641.19919
ZAF,South Africa,2012,631555.34871
ZAF,South Africa,2013,640385.09733
TJK,Tajikistan,2001,11.50066
TJK,Tajikistan,2006,79.99037
TJK,Tajikistan,2013,50.96434
TJK,Tajikistan,2014,
TJK,Tajikistan,2015,
TZA,United Republic of Tanzania,2007,97176.36473
TZA,United Republic of Tanzania,2010,146455.08845
THA,Thailand,1996,25940.84227
THA,Thailand,1997,23408.49392
THA,Thailand,2003,36650.70555
THA,Thailand,2005,26982.69126
THA,Thailand,2007,25601.07476
THA,Thailand,2009,19155.876
THA,Thailand,2011,82661.94151
THA,Thailand,2014,81602.58103
THA,Thailand,2015,107488.04733
VNM,Viet Nam,2002,21549.77626
VNM,Viet Nam,2011,31522.72484
VNM,Viet Nam,2013,26785.78795
ZMB,Zambia,2008,1630.89182
SRB,Serbia,2007,32065.6251
SRB,Serbia,2008,56151.01728
SRB,Serbia,2009,53930.90858
SRB,Serbia,2010,23480.17935
SRB,Serbia,2011,37243.77828
SRB,Serbia,2012,78607.19674
SRB,Serbia,2013,55989.47486
SRB,Serbia,2014,94341.01114
SRB,Serbia,2015,108760.12953
IRQ,Iraq,2014,7.57169
IRQ,Iraq,2015,180.99673
GMB,Gambia,2011,563.44904
BDI,Burundi,2008,3687.0151
LSO,Lesotho,2011,20.64779
LSO,Lesotho,2015,260.31256
MNE,Montenegro,2011,5553.83757
MNE,Montenegro,2013,7792.66798
MNE,Montenegro,2014,7204.77909
MNE,Montenegro,2015,2243.59325
OMN,Oman,2011,
OMN,Oman,2012,26.87812
OMN,Oman,2013,2.38742
OMN,Oman,2014,
OMN,Oman,2015,
TGO,Togo,2010,2279.30629
TGO,Togo,2012,2372.00876
TGO,Togo,2014,1508.15747
NAM,Namibia,2010,392.58078
NAM,Namibia,2014,12859.41402
CUB,Cuba,1997,8291.60316
CUB,Cuba,1998,18955.66379
CUB,Cuba,1999,17171.88334
CUB,Cuba,2000,32569.24542
CUB,Cuba,2001,36794.45204
CUB,Cuba,2002,30256.23253
CUB,Cuba,2003,33155.76117
CUB,Cuba,2004,37444.46831
CUB,Cuba,2005,39172.0507
CUB,Cuba,2006,36271.53498
CUB,Cuba,2007,39664.78792
CUB,Cuba,2008,125551.80295
CUB,Cuba,2009,120946.52637
CUB,Cuba,2010,124139.01379
CUB,Cuba,2011,29198.10411
CUB,Cuba,2012,45801.09008
CUB,Cuba,2013,55644.84475
BHR,Bahrain,2014,7766.77301
BIH,Bosnia and Herzegovina,2012,47971.50442
BIH,Bosnia and Herzegovina,2013,67658.94644
BIH,Bosnia and Herzegovina,2014,12422.59511
BIH,Bosnia and Herzegovina,2015,15303.25715
BWA,Botswana,2012,5246.77304
BWA,Botswana,2013,39649.46254
MUS,Mauritius,2012,2500.23242
QAT,Qatar,2012,31180.5951
GEO,Georgia,2013,3964.55503
UZB,Uzbekistan,2014,2651.03524
UZB,Uzbekistan,2015,4833.43137
EGY,Egypt,2014,7280.95746
EGY,Egypt,2015,
PSE,Palestine,2007,13872.16915
PSE,Palestine,2008,8107.45784
PSE,Palestine,2009,24009.58289
PSE,Palestine,2010,31992.31517
PSE,Palestine,2013,23096.2648
